-- --------------------------------------------------------
-- Host:                         127.0.0.1
-- Versión del servidor:         11.7.2-MariaDB - mariadb.org binary distribution
-- SO del servidor:              Win64
-- HeidiSQL Versión:             12.10.0.7000
-- --------------------------------------------------------

/*!40101 SET @OLD_CHARACTER_SET_CLIENT=@@CHARACTER_SET_CLIENT */;
/*!40101 SET NAMES utf8 */;
/*!50503 SET NAMES utf8mb4 */;
/*!40103 SET @OLD_TIME_ZONE=@@TIME_ZONE */;
/*!40103 SET TIME_ZONE='+00:00' */;
/*!40014 SET @OLD_FOREIGN_KEY_CHECKS=@@FOREIGN_KEY_CHECKS, FOREIGN_KEY_CHECKS=0 */;
/*!40101 SET @OLD_SQL_MODE=@@SQL_MODE, SQL_MODE='NO_AUTO_VALUE_ON_ZERO' */;
/*!40111 SET @OLD_SQL_NOTES=@@SQL_NOTES, SQL_NOTES=0 */;


-- Volcando estructura de base de datos para pp3_proyecto
CREATE DATABASE IF NOT EXISTS `pp3_proyecto` /*!40100 DEFAULT CHARSET=utf8mb3 COLLATE=utf8mb3_general_ci */;
USE `pp3_proyecto`;

-- Volcando estructura para tabla pp3_proyecto.categorias
CREATE TABLE IF NOT EXISTS `categorias` (
  `id` int(11) NOT NULL AUTO_INCREMENT,
  `nombre` varchar(255) NOT NULL,
  `descripcion` text DEFAULT NULL,
  PRIMARY KEY (`id`),
  UNIQUE KEY `nombre` (`nombre`)
) ENGINE=InnoDB AUTO_INCREMENT=51 DEFAULT CHARSET=utf8mb3 COLLATE=utf8mb3_general_ci;

-- Volcando datos para la tabla pp3_proyecto.categorias: ~50 rows (aproximadamente)
INSERT IGNORE INTO `categorias` (`id`, `nombre`, `descripcion`) VALUES
	(1, 'Lácteos', NULL),
	(2, 'Quesos', NULL),
	(3, 'Yogures', NULL),
	(4, 'Dulces y postres', NULL),
	(5, 'Galletitas', NULL),
	(6, 'Snacks', NULL),
	(7, 'Golocinas', NULL),
	(8, 'Cereales', NULL),
	(9, 'Conservas', NULL),
	(10, 'Jugos', NULL),
	(11, 'Bebidas sin alcohol', NULL),
	(12, 'Bebidas en polvo', NULL),
	(13, 'Carnes procesadas', NULL),
	(14, 'Embutidos', NULL),
	(15, 'Congelados', NULL),
	(16, 'Aceites y aderezos', NULL),
	(17, 'Mayonesas', NULL),
	(18, 'Salsas', NULL),
	(19, 'Pastas secas', NULL),
	(20, 'Arroz y legumbres', NULL),
	(21, 'Productos para desayuno', NULL),
	(22, 'Café y té', NULL),
	(23, 'Infusiones', NULL),
	(24, 'Electrodomésticos', NULL),
	(25, 'Pequeños electrodomésticos', NULL),
	(26, 'Tecnología', NULL),
	(27, 'Notebooks y PCs', NULL),
	(28, 'Componentes de PC', NULL),
	(29, 'TV y audio', NULL),
	(30, 'Colchones', NULL),
	(31, 'Sommier', NULL),
	(32, 'Muebles', NULL),
	(33, 'Decoración', NULL),
	(34, 'Pinturas', NULL),
	(35, 'Materiales para construcción', NULL),
	(36, 'Ferretería', NULL),
	(37, 'Hogar y jardín', NULL),
	(38, 'Juguetes', NULL),
	(39, 'Artículos escolares', NULL),
	(40, 'Ropa y calzado', NULL),
	(41, 'Calzado deportivo', NULL),
	(42, 'Supermercado', NULL),
	(43, 'Retail', NULL),
	(44, 'Perfumería y limpieza', NULL),
	(45, 'Productos de higiene personal', NULL),
	(46, 'Productos de limpieza', NULL),
	(47, 'Frutas y verduras', NULL),
	(48, 'Panadería', NULL),
	(49, 'Alimentos secos', NULL),
	(50, 'Alimentos enlatados', NULL);

-- Volcando estructura para tabla pp3_proyecto.clientes
CREATE TABLE IF NOT EXISTS `clientes` (
  `id` int(11) NOT NULL AUTO_INCREMENT,
  `nombre` varchar(255) NOT NULL,
  `apellido` varchar(255) DEFAULT NULL,
  `direccion` varchar(255) DEFAULT NULL,
  `telefono` varchar(50) DEFAULT NULL,
  `email` varchar(255) DEFAULT NULL,
  `fecha_registro` timestamp NULL DEFAULT current_timestamp(),
  PRIMARY KEY (`id`),
  UNIQUE KEY `email` (`email`)
) ENGINE=InnoDB DEFAULT CHARSET=utf8mb3 COLLATE=utf8mb3_general_ci;

-- Volcando datos para la tabla pp3_proyecto.clientes: ~0 rows (aproximadamente)

-- Volcando estructura para tabla pp3_proyecto.compras
CREATE TABLE IF NOT EXISTS `compras` (
  `id` int(11) NOT NULL AUTO_INCREMENT,
  `proveedor_id` int(11) NOT NULL,
  `fecha_compra` timestamp NULL DEFAULT current_timestamp(),
  `total_compra` decimal(10,2) NOT NULL,
  PRIMARY KEY (`id`),
  KEY `fk_compras_proveedores` (`proveedor_id`),
  CONSTRAINT `fk_compras_proveedores` FOREIGN KEY (`proveedor_id`) REFERENCES `proveedores` (`id`)
) ENGINE=InnoDB DEFAULT CHARSET=utf8mb3 COLLATE=utf8mb3_general_ci;

-- Volcando datos para la tabla pp3_proyecto.compras: ~0 rows (aproximadamente)

-- Volcando estructura para tabla pp3_proyecto.detallescompra
CREATE TABLE IF NOT EXISTS `detallescompra` (
  `id` int(11) NOT NULL AUTO_INCREMENT,
  `compra_id` int(11) NOT NULL,
  `producto_id` int(11) NOT NULL,
  `cantidad` int(11) NOT NULL,
  `precio_unitario_compra` decimal(10,2) NOT NULL,
  `subtotal` decimal(10,2) NOT NULL,
  PRIMARY KEY (`id`),
  KEY `fk_detallescompra_compra` (`compra_id`),
  KEY `fk_detallescompra_producto` (`producto_id`),
  CONSTRAINT `fk_detallescompra_compra` FOREIGN KEY (`compra_id`) REFERENCES `compras` (`id`),
  CONSTRAINT `fk_detallescompra_producto` FOREIGN KEY (`producto_id`) REFERENCES `productos` (`id`)
) ENGINE=InnoDB DEFAULT CHARSET=utf8mb3 COLLATE=utf8mb3_general_ci;

-- Volcando datos para la tabla pp3_proyecto.detallescompra: ~0 rows (aproximadamente)

-- Volcando estructura para tabla pp3_proyecto.detallesventa
CREATE TABLE IF NOT EXISTS `detallesventa` (
  `id` int(11) NOT NULL AUTO_INCREMENT,
  `venta_id` int(11) NOT NULL,
  `producto_id` int(11) NOT NULL,
  `cantidad` int(11) NOT NULL,
  `precio_unitario_venta` decimal(10,2) NOT NULL,
  `subtotal` decimal(10,2) NOT NULL,
  PRIMARY KEY (`id`),
  KEY `fk_detallesventa_venta` (`venta_id`),
  KEY `fk_detallesventa_producto` (`producto_id`),
  CONSTRAINT `fk_detallesventa_producto` FOREIGN KEY (`producto_id`) REFERENCES `productos` (`id`),
  CONSTRAINT `fk_detallesventa_venta` FOREIGN KEY (`venta_id`) REFERENCES `ventas` (`id`)
) ENGINE=InnoDB DEFAULT CHARSET=utf8mb3 COLLATE=utf8mb3_general_ci;

-- Volcando datos para la tabla pp3_proyecto.detallesventa: ~0 rows (aproximadamente)

-- Volcando estructura para procedimiento pp3_proyecto.insertar_categorias
DELIMITER //
CREATE PROCEDURE `insertar_categorias`()
BEGIN
  DECLARE i INT DEFAULT 1;
  WHILE i <= 10000 DO
    INSERT INTO Categorias (nombre, descripcion)
    VALUES (
      CONCAT('Categoria ', LPAD(i, 5, '0')),
      CONCAT('Descripción de la categoría ', i)
    );
    SET i = i + 1;
  END WHILE;
END//
DELIMITER ;

-- Volcando estructura para procedimiento pp3_proyecto.insertar_marcas
DELIMITER //
CREATE PROCEDURE `insertar_marcas`()
BEGIN
  DECLARE i INT DEFAULT 1;
  WHILE i <= 10000 DO
    INSERT INTO Marcas (nombre)
    VALUES (CONCAT('Marca ', LPAD(i, 5, '0')));
    SET i = i + 1;
  END WHILE;
END//
DELIMITER ;

-- Volcando estructura para procedimiento pp3_proyecto.insertar_productos
DELIMITER //
CREATE PROCEDURE `insertar_productos`()
BEGIN
  DECLARE i INT DEFAULT 1;
  WHILE i <= 10000 DO
    INSERT INTO Productos (
      nombre, descripcion, precio_costo, precio_venta,
      stock, marca_id, categoria_id, codigo_barras
    ) VALUES (
      CONCAT('Producto ', LPAD(i, 5, '0')),
      CONCAT('Descripción del producto ', i),
      ROUND(10 + (RAND() * 90), 2),
      ROUND(100 + (RAND() * 400), 2),
      FLOOR(1 + RAND() * 100),
      FLOOR(1 + RAND() * 10000),
      FLOOR(1 + RAND() * 10000),
      CONCAT('CB', LPAD(i, 10, '0'))
    );
    SET i = i + 1;
  END WHILE;
END//
DELIMITER ;

-- Volcando estructura para tabla pp3_proyecto.marcas
CREATE TABLE IF NOT EXISTS `marcas` (
  `id` int(11) NOT NULL AUTO_INCREMENT,
  `nombre` varchar(255) NOT NULL,
  PRIMARY KEY (`id`),
  UNIQUE KEY `nombre` (`nombre`)
) ENGINE=InnoDB AUTO_INCREMENT=100 DEFAULT CHARSET=utf8mb3 COLLATE=utf8mb3_general_ci;

-- Volcando datos para la tabla pp3_proyecto.marcas: ~12 rows (aproximadamente)
INSERT IGNORE INTO `marcas` (`id`, `nombre`) VALUES
	(31, 'Acer Argentina'),
	(41, 'Aluar'),
	(2, 'Arcor'),
	(64, 'Atma'),
	(18, 'Baggio'),
	(4, 'Bagley'),
	(12, 'Bambi'),
	(29, 'Banghó'),
	(84, 'Braun'),
	(77, 'Cannon'),
	(32, 'Carrefour Argentina'),
	(99, 'CBSé'),
	(21, 'Cetrogar'),
	(25, 'Colchones Cannon'),
	(26, 'Colchones Piero'),
	(34, 'Coto'),
	(86, 'CX'),
	(7, 'Danone Argentina'),
	(33, 'Disco'),
	(43, 'Dos Anclas'),
	(57, 'Drean'),
	(36, 'Easy'),
	(20, 'Electrodomésticos Liliana'),
	(59, 'Eskabe'),
	(55, 'Eurocase'),
	(53, 'Exo'),
	(61, 'Fortaleza Muebles'),
	(38, 'Fric-Rot'),
	(83, 'Gama'),
	(42, 'Georgalos'),
	(17, 'Grido'),
	(13, 'Havanna'),
	(50, 'Hellmann’s'),
	(48, 'Ilolay'),
	(35, 'Jumbo'),
	(54, 'Ken Brown'),
	(51, 'Knorr'),
	(76, 'Koil'),
	(49, 'La Campagnola'),
	(1, 'La Serenísima'),
	(45, 'La Virginia'),
	(14, 'Ledesma'),
	(52, 'Marolio'),
	(60, 'Mite'),
	(3, 'Molinos Río de la Plata'),
	(46, 'Molto'),
	(24, 'Muebles Nodari'),
	(23, 'Musimundo'),
	(44, 'Natura'),
	(19, 'Newsan'),
	(9, 'Noblex'),
	(85, 'Oral-B'),
	(58, 'Orbis'),
	(8, 'Paladini'),
	(56, 'Patrick'),
	(47, 'Paty'),
	(28, 'PCBox Argentina'),
	(81, 'Peabody'),
	(63, 'Peter Wells'),
	(11, 'Philco Argentina'),
	(80, 'Philips'),
	(79, 'Piero'),
	(30, 'Positivo BGH'),
	(40, 'Rasti'),
	(22, 'Roca'),
	(62, 'Safari'),
	(6, 'Sancor'),
	(82, 'Sanyo'),
	(10, 'Siam'),
	(39, 'Sinteplast'),
	(37, 'Sodimac'),
	(27, 'Sommier Center'),
	(78, 'Suavestar'),
	(5, 'Terrabusi'),
	(15, 'Tersuave'),
	(16, 'Topper');

-- Volcando estructura para tabla pp3_proyecto.productoproveedor
CREATE TABLE IF NOT EXISTS `productoproveedor` (
  `proveedor_id` int(11) NOT NULL,
  `producto_id` int(11) NOT NULL,
  `precio_compra` decimal(10,2) DEFAULT NULL,
  `fecha_ultima_compra` timestamp NULL DEFAULT NULL,
  PRIMARY KEY (`proveedor_id`,`producto_id`),
  KEY `fk_productoproveedor_producto` (`producto_id`),
  CONSTRAINT `fk_productoproveedor_producto` FOREIGN KEY (`producto_id`) REFERENCES `productos` (`id`),
  CONSTRAINT `fk_productoproveedor_proveedor` FOREIGN KEY (`proveedor_id`) REFERENCES `proveedores` (`id`)
) ENGINE=InnoDB DEFAULT CHARSET=utf8mb3 COLLATE=utf8mb3_general_ci;

-- Volcando datos para la tabla pp3_proyecto.productoproveedor: ~0 rows (aproximadamente)

-- Volcando estructura para tabla pp3_proyecto.productos
CREATE TABLE IF NOT EXISTS `productos` (
  `id` int(11) NOT NULL AUTO_INCREMENT,
  `nombre` varchar(255) NOT NULL,
  `descripcion` text DEFAULT NULL,
  `precio_costo` decimal(10,2) NOT NULL,
  `precio_venta` decimal(10,2) NOT NULL,
  `stock` int(11) NOT NULL DEFAULT 0,
  `marca_id` int(11) DEFAULT NULL,
  `categoria_id` int(11) DEFAULT NULL,
  `codigo_barras` varchar(50) DEFAULT NULL,
  `fecha_alta` timestamp NULL DEFAULT current_timestamp(),
  PRIMARY KEY (`id`),
  UNIQUE KEY `codigo_barras` (`codigo_barras`),
  KEY `fk_productos_marcas` (`marca_id`),
  KEY `fk_productos_categorias` (`categoria_id`),
  CONSTRAINT `fk_productos_categorias` FOREIGN KEY (`categoria_id`) REFERENCES `categorias` (`id`),
  CONSTRAINT `fk_productos_marcas` FOREIGN KEY (`marca_id`) REFERENCES `marcas` (`id`)
) ENGINE=InnoDB AUTO_INCREMENT=407 DEFAULT CHARSET=utf8mb3 COLLATE=utf8mb3_general_ci;

-- Volcando datos para la tabla pp3_proyecto.productos: ~246 rows (aproximadamente)
INSERT IGNORE INTO `productos` (`id`, `nombre`, `descripcion`, `precio_costo`, `precio_venta`, `stock`, `marca_id`, `categoria_id`, `codigo_barras`, `fecha_alta`) VALUES
	(2, 'Yerba Mate Marolio', 'Yerba mate elaborada tradicional', 80.00, 120.00, 200, 52, 23, '779123456002', '2025-05-25 21:13:28'),
	(3, 'Salame Paladini', 'Salame tipo milán de Paladini', 150.00, 200.00, 50, 8, 14, '779123456003', '2025-05-25 21:13:28'),
	(4, 'Dulce de Leche La Serenísima', 'Dulce de leche clásico', 100.00, 150.00, 80, 1, 4, '779123456004', '2025-05-25 21:13:28'),
	(5, 'Aceite de Girasol Natura', 'Aceite de girasol 1L', 90.00, 130.00, 120, 42, 16, '779123456005', '2025-05-25 21:13:28'),
	(6, 'Notebook Banghó Max', 'Notebook Banghó con procesador Intel i5', 50000.00, 65000.00, 30, 29, 26, '779123456006', '2025-05-25 21:13:28'),
	(7, 'PC de Escritorio EXO', 'Computadora de escritorio EXO básica', 40000.00, 55000.00, 25, 53, 26, '779123456007', '2025-05-25 21:13:28'),
	(8, 'All in One Ken Brown', 'Computadora All in One Ken Brown 21"', 45000.00, 60000.00, 20, 54, 26, '779123456008', '2025-05-25 21:13:28'),
	(9, 'Tablet CX', 'Tablet CX de 10 pulgadas', 30000.00, 40000.00, 40, 86, 26, '779123456009', '2025-05-25 21:13:28'),
	(10, 'Monitor Eurocase 24"', 'Monitor LED Eurocase de 24 pulgadas', 20000.00, 27000.00, 35, 55, 26, '779123456010', '2025-05-25 21:13:28'),
	(11, 'Heladera Patrick 320L', 'Heladera Patrick con freezer superior', 60000.00, 75000.00, 15, 56, 24, '779123456011', '2025-05-25 21:13:28'),
	(12, 'Lavarropas Drean Next 6.06', 'Lavarropas automático Drean 6kg', 55000.00, 70000.00, 10, 57, 24, '779123456012', '2025-05-25 21:13:28'),
	(13, 'Cocina Orbis 4 Hornallas', 'Cocina a gas Orbis con horno', 50000.00, 65000.00, 12, 58, 24, '779123456013', '2025-05-25 21:13:28'),
	(14, 'Estufa Eskabe TB 5000', 'Estufa a gas Eskabe tiro balanceado 5000 kcal', 25000.00, 32000.00, 18, 59, 24, '779123456014', '2025-05-25 21:13:28'),
	(15, 'Aire Acondicionado BGH 3000W', 'Aire acondicionado BGH frío/calor 3000W', 45000.00, 60000.00, 8, 30, 24, '779123456015', '2025-05-25 21:13:28'),
	(16, 'Silla de Oficina Mite', 'Silla ergonómica para oficina marca Mite', 8000.00, 12000.00, 20, 60, 32, '779123456016', '2025-05-25 21:13:28'),
	(17, 'Escritorio Genoud', 'Escritorio de madera para computadora', 10000.00, 15000.00, 10, 61, 32, '779123456017', '2025-05-25 21:13:28'),
	(18, 'Mesa de Comedor Peter Wells', 'Mesa de comedor para 6 personas', 15000.00, 20000.00, 5, 63, 32, '779123456018', '2025-05-25 21:13:28'),
	(19, 'Sillón Safari', 'Sillón de 2 cuerpos tapizado', 12000.00, 18000.00, 7, 62, 32, '779123456019', '2025-05-25 21:13:28'),
	(20, 'Biblioteca Seis Mobiliario', 'Biblioteca de madera con 5 estantes', 9000.00, 13000.00, 9, 61, 32, '779123456020', '2025-05-25 21:13:28'),
	(21, 'Colchón King Koil 2 Plazas', 'Colchón de resortes 2 plazas', 20000.00, 25000.00, 6, 76, 30, '779123456021', '2025-05-25 21:13:28'),
	(22, 'Somier Piero 1 Plaza', 'Somier de 1 plaza con colchón', 15000.00, 20000.00, 8, 23, 31, '779123456022', '2025-05-25 21:13:28'),
	(23, 'Colchón Cannon 2 Plazas', 'Colchón espuma alta densidad', 18000.00, 23000.00, 5, 24, 30, '779123456023', '2025-05-25 21:13:28'),
	(24, 'Somier Suavestar Queen', 'Somier Queen con base y colchón', 22000.00, 28000.00, 4, 78, 31, '779123456024', '2025-05-25 21:13:28'),
	(25, 'Colchón La Cardeuse 1 Plaza', 'Colchón de espuma 1 plaza', 12000.00, 16000.00, 10, 79, 30, '779123456025', '2025-05-25 21:13:28'),
	(26, 'Licuadora Atma 600W', 'Licuadora de 600W con vaso de vidrio', 5000.00, 7000.00, 15, 64, 25, '779123456026', '2025-05-25 21:13:28'),
	(27, 'Tostadora Liliana 2 Rebanadas', 'Tostadora eléctrica para 2 rebanadas', 3000.00, 4500.00, 20, 20, 25, '779123456027', '2025-05-25 21:13:28'),
	(28, 'Cafetera Philips 1L', 'Cafetera eléctrica de 1 litro', 4000.00, 6000.00, 12, 80, 25, '779123456028', '2025-05-25 21:13:28'),
	(29, 'Batidora Peabody 300W', 'Batidora de mano 300W', 3500.00, 5000.00, 18, 81, 25, '779123456029', '2025-05-25 21:13:28'),
	(30, 'Microondas Sanyo 20L', 'Microondas digital de 20 litros', 8000.00, 10000.00, 10, 82, 25, '779123456030', '2025-05-25 21:13:28'),
	(31, 'Secador de Pelo Gama 2000W', 'Secador de pelo profesional 2000W', 4000.00, 5500.00, 25, 83, 42, '779123456031', '2025-05-25 21:13:28'),
	(32, 'Plancha de Pelo Philips', 'Plancha alisadora de cerámica', 3500.00, 5000.00, 20, 80, 42, '779123456032', '2025-05-25 21:13:28'),
	(33, 'Afeitadora Eléctrica Braun', 'Afeitadora recargable', 6000.00, 8000.00, 15, 84, 42, '779123456033', '2025-05-25 21:13:28'),
	(34, 'Depiladora Philips Satinelle', 'Depiladora eléctrica compacta', 4500.00, 6000.00, 18, 80, 42, '779123456034', '2025-05-25 21:13:28'),
	(35, 'Cepillo Eléctrico Oral-B', 'Cepillo dental eléctrico recargable', 3000.00, 4500.00, 22, 85, 42, '779123456035', '2025-05-25 21:13:28'),
	(46, 'Galletitas Chocolinas Bagley', 'Galletitas de chocolate clásicas de Bagley', 120.00, 160.00, 50, 4, 5, '779500002001', '2025-05-25 21:28:55'),
	(47, 'Galletitas Opera Bagley', 'Galletitas rellenas sabor vainilla', 135.00, 180.00, 60, 3, 5, '779500002002', '2025-05-25 21:28:55'),
	(48, 'Galletitas Rex Bagley', 'Galletitas crocantes ideales para el desayuno', 110.00, 150.00, 80, 3, 5, '779500002003', '2025-05-25 21:28:55'),
	(49, 'Galletitas Diversión Bagley', 'Con formas divertidas y sabor a vainilla', 140.00, 185.00, 40, 3, 5, '779500002004', '2025-05-25 21:28:55'),
	(50, 'Galletitas Manón Bagley', 'Clásicas galletitas dulces sabor vainilla', 125.00, 170.00, 70, 3, 5, '779500002005', '2025-05-25 21:28:55'),
	(51, 'Galletitas Mini Diversión Bagley', 'Mini galletitas dulces para llevar', 100.00, 135.00, 90, 3, 5, '779500002006', '2025-05-25 21:28:55'),
	(52, 'Galletitas Tentación Bagley', 'Rellenas con crema de chocolate', 145.00, 190.00, 35, 3, 5, '779500002007', '2025-05-25 21:28:55'),
	(53, 'Galletitas Mellizas Bagley', 'Rellenas con dulce de leche', 130.00, 175.00, 45, 3, 5, '779500002008', '2025-05-25 21:28:55'),
	(54, 'Galletitas Variedad Familiar Bagley', 'Mix de galletitas dulces y saladas', 180.00, 240.00, 30, 3, 5, '779500002009', '2025-05-25 21:28:55'),
	(55, 'Galletitas Arroz Bagley', 'Galletitas livianas a base de arroz', 115.00, 155.00, 65, 3, 5, '779500002010', '2025-05-25 21:28:55'),
	(106, 'Yerba Mate Taragüi 1kg', 'Yerba mate tradicional Taragüi', 500.00, 800.00, 150, 99, 23, '779123450001', '2025-06-11 22:35:24'),
	(107, 'Yerba Mate Taragüi Suave 1kg', 'Yerba mate suave Taragüi', 500.00, 800.00, 120, 99, 23, '779123450002', '2025-06-11 22:35:24'),
	(108, 'Bon o Bon x10', 'Bombones Bon o Bon Arcor', 200.00, 320.00, 200, 3, 7, '779123450003', '2025-06-11 22:35:24'),
	(109, 'Dulce de Leche Marolio 400g', 'Dulce de leche cremoso Marolio', 250.00, 380.00, 180, 8, 4, '779123450004', '2025-06-11 22:35:24'),
	(110, 'Manteca La Serenísima 200g', 'Manteca tradicional', 150.00, 230.00, 140, 1, 1, '779123450005', '2025-06-11 22:35:24'),
	(111, 'Queso Sancor sardo 300g', 'Queso sardo firme', 300.00, 450.00, 100, 6, 2, '779123450006', '2025-06-11 22:35:24'),
	(112, 'Leche Ilolay UAT 1L', 'Leche larga vida entera', 180.00, 270.00, 160, 48, 1, '779123450007', '2025-06-11 22:35:24'),
	(113, 'Helado Havanna 1L', 'Helado crema cookies', 350.00, 520.00, 90, 13, 4, '779123450008', '2025-06-11 22:35:24'),
	(114, 'Galletitas Chocolinas Bagley', 'Galletitas chocolate', 120.00, 160.00, 200, 3, 5, '779123450009', '2025-06-11 22:35:24'),
	(115, 'Galletitas Rex Bagley', 'Galletitas crocantes', 110.00, 150.00, 180, 3, 5, '779123450010', '2025-06-11 22:35:24'),
	(116, 'Arroz Gallo Perdigón 1kg', 'Arroz redondo', 200.00, 280.00, 130, 3, 20, '779123450011', '2025-06-11 22:35:24'),
	(117, 'Fideos Matarazzo 500g', 'Spaghetti tradicionales', 150.00, 230.00, 140, 3, 19, '779123450012', '2025-06-11 22:35:24'),
	(118, 'Aceite de Girasol Natura 1L', 'Aceite de girasol puro', 220.00, 320.00, 150, 42, 16, '779123450013', '2025-06-11 22:35:24'),
	(119, 'Mayonesa Hellmann\'s 475g', 'Mayonesa clásica', 250.00, 360.00, 140, 50, 17, '779123450014', '2025-06-11 22:35:24'),
	(120, 'Ketchup Knorr 500g', 'Salsa ketchup', 200.00, 290.00, 130, 51, 18, '779123450015', '2025-06-11 22:35:24'),
	(121, 'Atún La Campagnola 170g', 'Atún en agua', 180.00, 260.00, 110, 49, 9, '779123450016', '2025-06-11 22:35:24'),
	(122, 'Leche en polvo La Serenísima 400g', 'Leche en polvo instantánea', 300.00, 420.00, 120, 1, 1, '779123450017', '2025-06-11 22:35:24'),
	(123, 'Café La Virginia 250g', 'Café molido tradicional', 280.00, 400.00, 140, 45, 22, '779123450018', '2025-06-11 22:35:24'),
	(124, 'Yerba Mate Amanda 500g', 'Yerba tradicional Amanda', 260.00, 370.00, 130, 5, 23, '779123450019', '2025-06-11 22:35:24'),
	(125, 'Yerba Mate Playadito 1kg', 'Yerba con palo', 480.00, 700.00, 120, 5, 23, '779123450020', '2025-06-11 22:35:24'),
	(126, 'Agua Manaos 2L', 'Agua mineral Manaos', 100.00, 150.00, 200, 30, 11, '779123450021', '2025-06-11 22:35:24'),
	(127, 'Manaos Pomelo 2L', 'Gaseosa sabor pomelo', 200.00, 290.00, 180, 30, 11, '779123450022', '2025-06-11 22:35:24'),
	(128, 'Cunnington Tónica 1.5L', 'Gaseosa tónica Cunnington', 200.00, 300.00, 160, 31, 11, '779123450023', '2025-06-11 22:35:24'),
	(129, 'Fernet Branca 750ml', 'Fernet clásico', 750.00, 1100.00, 80, 32, 11, '779123450024', '2025-06-11 22:35:24'),
	(130, 'Coca-Cola 2.25L', 'Gaseosa Coca‑Cola', 400.00, 650.00, 150, 33, 11, '779123450025', '2025-06-11 22:35:24'),
	(131, 'Gaseosa Sprite 2.25L', 'Gaseosa Sprite', 380.00, 620.00, 140, 33, 11, '779123450026', '2025-06-11 22:35:24'),
	(132, 'Pizza Fugazzeta Don Satur 500g', 'Pizza congelada clásica', 600.00, 850.00, 100, 34, 15, '779123450027', '2025-06-11 22:35:24'),
	(133, 'Natilla Arcor Chocolate 170g', 'Postre lácteo', 220.00, 330.00, 160, 3, 4, '779123450028', '2025-06-11 22:35:24'),
	(134, 'Yogurísimo Saborizado 125g', 'Yogur bebible', 100.00, 150.00, 200, 5, 3, '779123450029', '2025-06-11 22:35:24'),
	(135, 'Jugo Cepita Naranja 1L', 'Jugo de naranja exprimido', 180.00, 260.00, 140, 64, 10, '779123450030', '2025-06-11 22:35:24'),
	(136, 'Arvejas Marolio 400g', 'Arvejas marca Marolio', 160.00, 240.00, 120, 52, 9, '779123450031', '2025-06-11 22:35:24'),
	(137, 'Harina Pureza 0000 1kg', 'Harina para pastel', 120.00, 180.00, 200, 8, 42, '779123450032', '2025-06-11 22:35:24'),
	(138, 'Azúcar Ledesma 1kg', 'Azúcar blanca', 140.00, 200.00, 180, 14, 42, '779123450033', '2025-06-11 22:35:24'),
	(139, 'Yerba Mate Cruz de Malta 1kg', 'Yerba tradicional', 480.00, 700.00, 130, 5, 23, '779123450034', '2025-06-11 22:35:24'),
	(140, 'Leche Chocolatada Ilolay 1L', 'Leche sabor chocolate', 200.00, 300.00, 150, 48, 1, '779123450035', '2025-06-11 22:35:24'),
	(141, 'Queso Cremón La Serenísima 300g', 'Queso cremoso para picada', 320.00, 460.00, 110, 1, 2, '779123450036', '2025-06-11 22:35:24'),
	(142, 'Jugo Levité Pomelo 1.5L', 'Bebida saborizada', 180.00, 270.00, 140, 30, 10, '779123450037', '2025-06-11 22:35:24'),
	(143, 'Yerba Mate CBSé Pomelo 500g', 'Yerba saborizada', 260.00, 380.00, 120, 5, 23, '779123450038', '2025-06-11 22:35:24'),
	(144, 'Yerba Mate CBSé Energy 500g', 'Yerba con energía', 260.00, 380.00, 110, 5, 23, '779123450039', '2025-06-11 22:35:24'),
	(145, 'Harina Morixe 000 1kg', 'Harina común', 120.00, 180.00, 170, 8, 42, '779123450040', '2025-06-11 22:35:24'),
	(146, 'Papel Higiénico Elite 6 unid', 'Pack papel higiénico', 400.00, 600.00, 200, 45, 46, '779123450041', '2025-06-11 22:35:24'),
	(147, 'Detergente Ala Matic 1.5L', 'Detergente líquido concentrado', 600.00, 900.00, 120, 45, 46, '779123450042', '2025-06-11 22:35:24'),
	(148, 'Shampoo Sedal 360ml', 'Shampoo nutrición', 350.00, 520.00, 140, 45, 45, '779123450043', '2025-06-11 22:35:24'),
	(149, 'Crema Dental Colgate Total 90g', 'Pasta dental antiplaca', 300.00, 450.00, 150, 9, 45, '779123450044', '2025-06-11 22:35:24'),
	(150, 'Jugo Tang Naranja 500g', 'Bebida en polvo sabor naranja', 150.00, 220.00, 160, 45, 12, '779123450045', '2025-06-11 22:35:24'),
	(151, 'Yerba Mate Playadito Suave 500g', 'Yerba saborizada suave', 260.00, 370.00, 130, 5, 23, '779123450046', '2025-06-11 22:35:24'),
	(152, 'Aceite Lira Girasol 1L', 'Aceite girasol marca Lira', 210.00, 310.00, 140, 8, 16, '779123450047', '2025-06-11 22:35:24'),
	(153, 'Gaseosa Manaos Cola 2L', 'Refresco cola económico', 200.00, 290.00, 180, 30, 11, '779123450048', '2025-06-11 22:35:24'),
	(154, 'Yerba Mate Nobleza Gaucha 1kg', 'Yerba tradicional', 470.00, 680.00, 120, 5, 23, '779123450049', '2025-06-11 22:35:24'),
	(155, 'Yerba Mate Amanda Suave 500g', 'Yerba suave en bolsa', 260.00, 370.00, 110, 5, 23, '779123450050', '2025-06-11 22:35:24'),
	(156, 'Crema de leche La Serenísima 200ml', 'Crema de leche entera pasteurizada ideal para cocina y postres.', 250.00, 350.00, 100, 1, 1, NULL, '2025-06-23 05:11:47'),
	(157, 'Puré de Tomate Molto 520g', 'Puré de tomate tradicional', 85.00, 120.00, 100, 46, 15, '779800001001', '2025-07-02 22:02:54'),
	(158, 'Lentejas Molto 400g', 'Lentejas cocidas listas para consumir', 90.00, 130.00, 80, 46, 2, '779800001002', '2025-07-02 22:02:54'),
	(159, 'Garbanzos Molto 400g', 'Garbanzos cocidos al natural', 95.00, 135.00, 70, 46, 2, '779800001003', '2025-07-02 22:02:54'),
	(160, 'Choclo en Grano Molto 300g', 'Choclo amarillo en lata', 88.00, 125.00, 85, 46, 2, '779800001004', '2025-07-02 22:02:54'),
	(161, 'Arvejas Molto 300g', 'Arvejas verdes al natural', 87.00, 122.00, 90, 46, 2, '779800001005', '2025-07-02 22:02:54'),
	(162, 'Salsa Lista Molto Tradicional 340g', 'Salsa lista con tomates seleccionados', 75.00, 110.00, 95, 46, 15, '779800001006', '2025-07-02 22:02:54'),
	(163, 'Salsa Bolognesa Molto 340g', 'Salsa con carne picada', 98.00, 145.00, 60, 46, 15, '779800001007', '2025-07-02 22:02:54'),
	(164, 'Salsa Fileto Molto 340g', 'Salsa de tomate con cebolla', 92.00, 135.00, 70, 46, 15, '779800001008', '2025-07-02 22:02:54'),
	(165, 'Salsa Napolitana Molto 340g', 'Salsa con tomate y ajo', 90.00, 130.00, 85, 46, 15, '779800001009', '2025-07-02 22:02:54'),
	(166, 'Salsa Cuatro Quesos Molto 340g', 'Salsa con mix de quesos', 110.00, 160.00, 40, 46, 15, '779800001010', '2025-07-02 22:02:54'),
	(167, 'Fideos Spaghetti Molto 500g', 'Pasta seca tipo spaghetti', 65.00, 95.00, 120, 46, 6, '779800001011', '2025-07-02 22:02:54'),
	(168, 'Fideos Mostachol Molto 500g', 'Pasta corta tipo mostachol', 65.00, 95.00, 100, 46, 6, '779800001012', '2025-07-02 22:02:54'),
	(169, 'Fideos Tirabuzón Molto 500g', 'Pasta en forma de espiral', 65.00, 95.00, 110, 46, 6, '779800001013', '2025-07-02 22:02:54'),
	(170, 'Fideos Rigatti Molto 500g', 'Pasta tipo rigatti', 65.00, 95.00, 105, 46, 6, '779800001014', '2025-07-02 22:02:54'),
	(171, 'Fideos Codito Molto 500g', 'Pasta tipo codito', 65.00, 95.00, 115, 46, 6, '779800001015', '2025-07-02 22:02:54'),
	(172, 'Fideos Cinta Molto 500g', 'Pasta tipo cinta ancha', 68.00, 100.00, 90, 46, 6, '779800001016', '2025-07-02 22:02:54'),
	(173, 'Fideos Ñoquis Molto 500g', 'Pasta tipo ñoquis secos', 70.00, 105.00, 85, 46, 6, '779800001017', '2025-07-02 22:02:54'),
	(174, 'Fideos con Vegetales Molto 500g', 'Pasta con vegetales deshidratados', 72.00, 110.00, 75, 46, 6, '779800001018', '2025-07-02 22:02:54'),
	(175, 'Fideos Integrales Molto 500g', 'Pasta integral', 78.00, 115.00, 60, 46, 6, '779800001019', '2025-07-02 22:02:54'),
	(176, 'Fideos Sin Gluten Molto 300g', 'Pasta libre de gluten', 90.00, 130.00, 50, 46, 6, '779800001020', '2025-07-02 22:02:54'),
	(177, 'Tomates Perita Molto 400g', 'Tomates perita pelados enteros', 100.00, 140.00, 95, 46, 2, '779800001021', '2025-07-02 22:02:54'),
	(178, 'Chauchas Molto 300g', 'Chauchas verdes en conserva', 93.00, 130.00, 60, 46, 2, '779800001022', '2025-07-02 22:02:54'),
	(179, 'Remolachas Molto 300g', 'Remolachas en rodajas', 92.00, 128.00, 55, 46, 2, '779800001023', '2025-07-02 22:02:54'),
	(180, 'Zanahorias Molto 300g', 'Zanahorias en conserva', 89.00, 125.00, 58, 46, 2, '779800001024', '2025-07-02 22:02:54'),
	(181, 'Mix de Vegetales Molto 300g', 'Ensalada primavera', 100.00, 140.00, 45, 46, 2, '779800001025', '2025-07-02 22:02:54'),
	(182, 'Dulce de Batata Molto 500g', 'Dulce de batata clásico', 95.00, 135.00, 70, 46, 4, '779800001026', '2025-07-02 22:02:54'),
	(183, 'Dulce de Membrillo Molto 500g', 'Dulce de membrillo clásico', 95.00, 135.00, 68, 46, 4, '779800001027', '2025-07-02 22:02:54'),
	(184, 'Dulce Mixto Molto 500g', 'Mitad batata, mitad membrillo', 98.00, 138.00, 60, 46, 4, '779800001028', '2025-07-02 22:02:54'),
	(185, 'Duraznos en Almíbar Molto 820g', 'Duraznos amarillos en almíbar', 120.00, 160.00, 50, 46, 4, '779800001029', '2025-07-02 22:02:54'),
	(186, 'Peras en Almíbar Molto 820g', 'Peras en mitades', 120.00, 160.00, 52, 46, 4, '779800001030', '2025-07-02 22:02:54'),
	(187, 'Chimichurri Molto 200ml', 'Salsa clásica para carnes', 65.00, 95.00, 75, 46, 15, '779800001031', '2025-07-02 22:02:54'),
	(188, 'Salsa Criolla Molto 200ml', 'Salsa típica argentina', 65.00, 95.00, 78, 46, 15, '779800001032', '2025-07-02 22:02:54'),
	(189, 'Aceitunas Verdes Molto 300g', 'Aceitunas descarozadas', 115.00, 155.00, 65, 46, 2, '779800001033', '2025-07-02 22:02:54'),
	(190, 'Aceitunas Negras Molto 300g', 'Aceitunas negras en salmuera', 118.00, 158.00, 60, 46, 2, '779800001034', '2025-07-02 22:02:54'),
	(191, 'Pickles Molto 300g', 'Pickles en vinagre', 110.00, 150.00, 55, 46, 2, '779800001035', '2025-07-02 22:02:54'),
	(192, 'Alubias Molto 400g', 'Porotos alubias cocidos', 94.00, 132.00, 70, 46, 2, '779800001036', '2025-07-02 22:02:54'),
	(193, 'Porotos Negros Molto 400g', 'Porotos negros cocidos', 94.00, 132.00, 68, 46, 2, '779800001037', '2025-07-02 22:02:54'),
	(194, 'Harina de Maíz Molto 1kg', 'Harina de maíz para polenta', 120.00, 150.00, 85, 46, 1, '779800001038', '2025-07-02 22:02:54'),
	(195, 'Polenta Lista Molto 500g', 'Polenta instantánea', 90.00, 130.00, 100, 46, 1, '779800001039', '2025-07-02 22:02:54'),
	(196, 'Arroz Largo Fino Molto 1kg', 'Arroz blanco largo fino', 140.00, 180.00, 90, 46, 1, '779800001040', '2025-07-02 22:02:54'),
	(197, 'Sémola Molto 500g', 'Sémola de trigo para preparar postres', 80.00, 115.00, 95, 46, 1, '779800001041', '2025-07-02 22:02:54'),
	(198, 'Cereales Molto Mix 300g', 'Cereales con frutos secos', 150.00, 200.00, 40, 46, 1, '779800001042', '2025-07-02 22:02:54'),
	(199, 'Pan Rallado Molto 500g', 'Pan rallado clásico', 85.00, 120.00, 120, 46, 1, '779800001043', '2025-07-02 22:02:54'),
	(200, 'Rebozador Molto 500g', 'Rebozador saborizado', 88.00, 125.00, 110, 46, 1, '779800001044', '2025-07-02 22:02:54'),
	(201, 'Salsa Picante Molto 150ml', 'Salsa picante tipo mexicana', 100.00, 140.00, 30, 46, 15, '779800001045', '2025-07-02 22:02:54'),
	(202, 'Mayonesa Molto 500g', 'Mayonesa tradicional', 120.00, 165.00, 50, 46, 15, '779800001046', '2025-07-02 22:02:54'),
	(203, 'Ketchup Molto 500g', 'Ketchup con sabor a tomate maduro', 115.00, 160.00, 55, 46, 15, '779800001047', '2025-07-02 22:02:54'),
	(204, 'Mostaza Molto 500g', 'Mostaza suave', 110.00, 150.00, 65, 46, 15, '779800001048', '2025-07-02 22:02:54'),
	(205, 'Fideos Lasagna Molto 500g', 'Láminas para lasagna', 75.00, 110.00, 70, 46, 6, '779800001049', '2025-07-02 22:02:54'),
	(206, 'Ravioles Secos Molto 500g', 'Pasta rellena deshidratada', 130.00, 175.00, 40, 46, 6, '779800001050', '2025-07-02 22:02:54'),
	(257, 'Leche Entera La Serenísima 1L', 'Leche entera larga vida', 130.00, 180.00, 150, 1, 7, '779100000001', '2025-07-02 22:17:51'),
	(258, 'Leche Descremada La Serenísima 1L', 'Leche descremada larga vida', 125.00, 175.00, 130, 1, 7, '779100000002', '2025-07-02 22:17:51'),
	(259, 'Leche Parcialmente Descremada La Serenísima 1L', 'Leche parcialmente descremada', 128.00, 178.00, 140, 1, 7, '779100000003', '2025-07-02 22:17:51'),
	(260, 'Leche Chocolatada La Serenísima 1L', 'Leche sabor chocolate', 140.00, 190.00, 100, 1, 7, '779100000004', '2025-07-02 22:17:51'),
	(261, 'Leche Infantil La Serenísima 1L', 'Leche especial para niños', 170.00, 220.00, 80, 1, 7, '779100000005', '2025-07-02 22:17:51'),
	(262, 'Yogur Bebible Frutilla 1L', 'Yogur bebible sabor frutilla', 160.00, 210.00, 120, 1, 7, '779100000006', '2025-07-02 22:17:51'),
	(263, 'Yogur Bebible Vainilla 1L', 'Yogur bebible sabor vainilla', 160.00, 210.00, 115, 1, 7, '779100000007', '2025-07-02 22:17:51'),
	(264, 'Yogur Bebible Durazno 1L', 'Yogur bebible sabor durazno', 160.00, 210.00, 115, 1, 7, '779100000008', '2025-07-02 22:17:51'),
	(265, 'Yogur Bebible Multifruta 1L', 'Yogur con sabores combinados', 165.00, 215.00, 100, 1, 7, '779100000009', '2025-07-02 22:17:51'),
	(266, 'Yogur Natural 1kg', 'Yogur natural sin sabor', 170.00, 225.00, 90, 1, 7, '779100000010', '2025-07-02 22:17:51'),
	(267, 'Queso Cremoso La Serenísima 500g', 'Queso fresco tradicional', 450.00, 600.00, 60, 1, 7, '779100000011', '2025-07-02 22:17:51'),
	(268, 'Queso Port Salut La Serenísima 500g', 'Queso semiduro suave', 470.00, 620.00, 55, 1, 7, '779100000012', '2025-07-02 22:17:51'),
	(269, 'Queso Muzzarella La Serenísima 500g', 'Queso para pizza', 480.00, 630.00, 70, 1, 7, '779100000013', '2025-07-02 22:17:51'),
	(270, 'Queso Rallado La Serenísima 100g', 'Queso rallado natural', 150.00, 200.00, 85, 1, 7, '779100000014', '2025-07-02 22:17:51'),
	(271, 'Manteca La Serenísima 200g', 'Manteca con sal', 200.00, 270.00, 100, 1, 7, '779100000015', '2025-07-02 22:17:51'),
	(272, 'Manteca sin sal La Serenísima 200g', 'Manteca sin sal', 210.00, 280.00, 95, 1, 7, '779100000016', '2025-07-02 22:17:51'),
	(273, 'Crema de Leche 200ml', 'Crema líquida para cocinar', 160.00, 220.00, 90, 1, 7, '779100000017', '2025-07-02 22:17:51'),
	(274, 'Crema Doble La Serenísima 200ml', 'Crema con mayor tenor graso', 180.00, 240.00, 80, 1, 7, '779100000018', '2025-07-02 22:17:51'),
	(275, 'Dulce de Leche Clásico 400g', 'Dulce de leche clásico argentino', 220.00, 290.00, 75, 1, 4, '779100000019', '2025-07-02 22:17:51'),
	(276, 'Dulce de Leche Repostero 400g', 'Dulce de leche más espeso', 230.00, 300.00, 70, 1, 4, '779100000020', '2025-07-02 22:17:51'),
	(277, 'Flan de Vainilla 120g', 'Postre de vainilla listo para servir', 90.00, 120.00, 100, 1, 4, '779100000021', '2025-07-02 22:17:51'),
	(278, 'Flan de Dulce de Leche 120g', 'Postre individual', 95.00, 130.00, 90, 1, 4, '779100000022', '2025-07-02 22:17:51'),
	(279, 'Postre Chocolatada 120g', 'Postre lácteo con sabor chocolate', 95.00, 130.00, 85, 1, 4, '779100000023', '2025-07-02 22:17:51'),
	(280, 'Postre Frutilla 120g', 'Postre lácteo sabor frutilla', 95.00, 130.00, 85, 1, 4, '779100000024', '2025-07-02 22:17:51'),
	(281, 'Leche en Polvo Entera 400g', 'Leche entera en polvo', 400.00, 550.00, 50, 1, 1, '779100000025', '2025-07-02 22:17:51'),
	(282, 'Leche en Polvo Descremada 400g', 'Leche descremada en polvo', 390.00, 540.00, 55, 1, 1, '779100000026', '2025-07-02 22:17:51'),
	(283, 'Queso Untable Clásico 290g', 'Queso crema para untar', 210.00, 280.00, 60, 1, 7, '779100000027', '2025-07-02 22:17:51'),
	(284, 'Queso Untable Light 290g', 'Queso crema bajo en calorías', 215.00, 285.00, 55, 1, 7, '779100000028', '2025-07-02 22:17:51'),
	(285, 'Yogur con Cereal Frutilla 160g', 'Yogur con granola y frutas', 110.00, 150.00, 80, 1, 7, '779100000029', '2025-07-02 22:17:51'),
	(286, 'Yogur con Cereal Vainilla 160g', 'Yogur con crocante', 110.00, 150.00, 85, 1, 7, '779100000030', '2025-07-02 22:17:51'),
	(287, 'Postre de Banana Split 120g', 'Postre lácteo sabor banana/chocolate', 98.00, 135.00, 70, 1, 4, '779100000031', '2025-07-02 22:17:51'),
	(288, 'Flan Light La Serenísima 120g', 'Postre bajo en calorías', 95.00, 130.00, 75, 1, 4, '779100000032', '2025-07-02 22:17:51'),
	(289, 'Yogur Pro Vital 1L', 'Yogur con probióticos', 165.00, 220.00, 60, 1, 42, '779100000033', '2025-07-02 22:17:51'),
	(290, 'Yogur Pro Vital Bebible 1L', 'Yogur funcional líquido', 165.00, 220.00, 65, 1, 42, '779100000034', '2025-07-02 22:17:51'),
	(291, 'Leche UAT Sin Lactosa 1L', 'Leche deslactosada larga vida', 145.00, 190.00, 75, 1, 7, '779100000035', '2025-07-02 22:17:51'),
	(292, 'Queso Finlandia 290g', 'Queso untable especial', 250.00, 310.00, 50, 1, 7, '779100000036', '2025-07-02 22:17:51'),
	(293, 'Queso Barra La Serenísima 300g', 'Queso tipo barra semiduro', 280.00, 340.00, 45, 1, 7, '779100000037', '2025-07-02 22:17:51'),
	(294, 'Yogur Griego Natural 150g', 'Yogur griego sin sabor', 125.00, 160.00, 85, 1, 7, '779100000038', '2025-07-02 22:17:51'),
	(295, 'Yogur Griego Frutilla 150g', 'Yogur griego saborizado', 125.00, 160.00, 80, 1, 7, '779100000039', '2025-07-02 22:17:51'),
	(296, 'Yogur Griego Arándanos 150g', 'Yogur griego con arándanos', 125.00, 160.00, 78, 1, 7, '779100000040', '2025-07-02 22:17:51'),
	(297, 'Leche Orgánica 1L', 'Leche de producción orgánica', 160.00, 210.00, 60, 1, 7, '779100000041', '2025-07-02 22:17:51'),
	(298, 'Yogur Bebible Sin Azúcar 1L', 'Yogur sin azúcar agregada', 160.00, 210.00, 65, 1, 7, '779100000042', '2025-07-02 22:17:51'),
	(299, 'Manteca Clarificada 200g', 'Ghee natural', 250.00, 330.00, 30, 1, 7, '779100000043', '2025-07-02 22:17:51'),
	(300, 'Queso Azul 150g', 'Queso de moho azul', 300.00, 380.00, 20, 1, 7, '779100000044', '2025-07-02 22:17:51'),
	(301, 'Yogur Kids Frutilla 100g', 'Yogur para niños', 85.00, 110.00, 90, 1, 7, '779100000045', '2025-07-02 22:17:51'),
	(302, 'Yogur Kids Banana 100g', 'Yogur infantil sabor banana', 85.00, 110.00, 88, 1, 7, '779100000046', '2025-07-02 22:17:51'),
	(303, 'Crema Chantilly 200ml', 'Crema lista para batir', 170.00, 225.00, 40, 1, 4, '779100000047', '2025-07-02 22:17:51'),
	(304, 'Postre Clásico Vainilla-Chocolate 120g', 'Combinación de sabores', 95.00, 130.00, 70, 1, 4, '779100000048', '2025-07-02 22:17:51'),
	(305, 'Flan Familiar 500g', 'Flan tamaño familiar', 180.00, 240.00, 45, 1, 4, '779100000049', '2025-07-02 22:17:51'),
	(306, 'Postre Familiar Chocolate 500g', 'Postre lácteo tamaño familiar', 185.00, 250.00, 40, 1, 4, '779100000050', '2025-07-02 22:17:51'),
	(357, 'Galletitas Chocolinas Terrabusi 150g', 'Galletitas de chocolate clásicas', 130.00, 180.00, 100, 5, 5, '779200000001', '2025-07-02 23:10:55'),
	(358, 'Galletitas Lincoln Terrabusi 200g', 'Galletitas dulces sabor vainilla', 125.00, 175.00, 90, 5, 5, '779200000002', '2025-07-02 23:10:55'),
	(359, 'Galletitas Variedad Terrabusi 300g', 'Mix de galletitas clásicas', 150.00, 200.00, 80, 5, 5, '779200000003', '2025-07-02 23:10:55'),
	(360, 'Galletitas Sonrisas Terrabusi 150g', 'Rellenas con crema sabor frutilla', 135.00, 185.00, 85, 5, 5, '779200000004', '2025-07-02 23:10:55'),
	(361, 'Galletitas Mini Lincoln 100g', 'Versión mini de Lincoln', 110.00, 150.00, 95, 5, 5, '779200000005', '2025-07-02 23:10:55'),
	(362, 'Galletitas Express Terrabusi 130g', 'Saladas tipo cracker', 120.00, 160.00, 80, 5, 5, '779200000006', '2025-07-02 23:10:55'),
	(363, 'Galletitas Frutigran Terrabusi 250g', 'Con avena y frutas', 170.00, 220.00, 60, 5, 5, '779200000007', '2025-07-02 23:10:55'),
	(364, 'Galletitas Anillos Terrabusi 120g', 'Galletitas crocantes con forma de anillo', 130.00, 170.00, 75, 5, 5, '779200000008', '2025-07-02 23:10:55'),
	(365, 'Galletitas Tita Terrabusi 35g', 'Oblea con dulce de leche y cobertura', 60.00, 90.00, 150, 5, 25, '779200000009', '2025-07-02 23:10:55'),
	(366, 'Galletitas Rhodesia Terrabusi 35g', 'Oblea con relleno cítrico y cobertura', 60.00, 90.00, 150, 5, 25, '779200000010', '2025-07-02 23:10:55'),
	(367, 'Alfajor Tita Terrabusi Doble 55g', 'Alfajor doble con cobertura', 80.00, 110.00, 130, 5, 25, '779200000011', '2025-07-02 23:10:55'),
	(368, 'Alfajor Terrabusi Triple Chocolate', 'Alfajor triple con baño de chocolate', 120.00, 160.00, 100, 5, 25, '779200000012', '2025-07-02 23:10:55'),
	(369, 'Alfajor Terrabusi Blanco', 'Alfajor bañado con chocolate blanco', 115.00, 155.00, 95, 5, 25, '779200000013', '2025-07-02 23:10:55'),
	(370, 'Alfajor Terrabusi Clásico', 'Alfajor tradicional con dulce de leche', 110.00, 150.00, 105, 5, 25, '779200000014', '2025-07-02 23:10:55'),
	(371, 'Alfajor Terrabusi Mini Pack x6', 'Pack de alfajores mini', 300.00, 400.00, 70, 5, 25, '779200000015', '2025-07-02 23:10:55'),
	(372, 'Chocolatina Terrabusi Clásica', 'Chocolate con leche', 90.00, 130.00, 120, 5, 25, '779200000016', '2025-07-02 23:10:55'),
	(373, 'Chocolatina Terrabusi Almendras', 'Chocolate con trozos de almendras', 100.00, 140.00, 90, 5, 25, '779200000017', '2025-07-02 23:10:55'),
	(374, 'Chocolatina Terrabusi Cereal', 'Chocolate con cereal crocante', 100.00, 140.00, 85, 5, 25, '779200000018', '2025-07-02 23:10:55'),
	(375, 'Barra Terrabusi Chocolate y Maní', 'Barra energética con maní', 110.00, 145.00, 95, 5, 1, '779200000019', '2025-07-02 23:10:55'),
	(376, 'Barra Terrabusi Mix Frutas', 'Barra con frutas secas', 115.00, 150.00, 90, 5, 1, '779200000020', '2025-07-02 23:10:55'),
	(377, 'Galletitas Avena y Miel 250g', 'Galletitas con avena y miel', 160.00, 210.00, 70, 5, 5, '779200000021', '2025-07-02 23:10:55'),
	(378, 'Galletitas Avena y Chocolate 250g', 'Galletitas saludables con chispas', 165.00, 215.00, 65, 5, 5, '779200000022', '2025-07-02 23:10:55'),
	(379, 'Turrón Terrabusi 20g', 'Turrón de maní clásico', 50.00, 75.00, 180, 5, 4, '779200000023', '2025-07-02 23:10:55'),
	(380, 'Turrón de Arroz Terrabusi', 'Turrón de arroz con miel', 55.00, 80.00, 175, 5, 4, '779200000024', '2025-07-02 23:10:55'),
	(381, 'Chocotorta Pack', 'Kit de galletitas y dulce para preparar', 300.00, 400.00, 60, 5, 4, '779200000025', '2025-07-02 23:10:55'),
	(382, 'Terrabusi Dulce de Leche 400g', 'Dulce de leche clásico', 200.00, 270.00, 80, 5, 4, '779200000026', '2025-07-02 23:10:55'),
	(383, 'Chocolinas XL 300g', 'Galletitas Chocolinas tamaño familiar', 180.00, 240.00, 75, 5, 5, '779200000027', '2025-07-02 23:10:55'),
	(384, 'Lincoln XL 300g', 'Galletitas Lincoln familiar', 170.00, 230.00, 70, 5, 5, '779200000028', '2025-07-02 23:10:55'),
	(385, 'Cookies Terrabusi Chips 250g', 'Cookies con chips de chocolate', 190.00, 260.00, 60, 5, 5, '779200000029', '2025-07-02 23:10:55'),
	(386, 'Cookies Terrabusi Rellenas 250g', 'Cookies con relleno cremoso', 200.00, 270.00, 65, 5, 5, '779200000030', '2025-07-02 23:10:55'),
	(387, 'Snack Galletitas Saladas 150g', 'Galletitas crocantes saladas', 130.00, 180.00, 95, 5, 5, '779200000031', '2025-07-02 23:10:55'),
	(388, 'Wafers Terrabusi Chocolate 120g', 'Wafers rellenos sabor chocolate', 140.00, 190.00, 85, 5, 5, '779200000032', '2025-07-02 23:10:55'),
	(389, 'Wafers Terrabusi Vainilla 120g', 'Wafers rellenos sabor vainilla', 140.00, 190.00, 80, 5, 5, '779200000033', '2025-07-02 23:10:55'),
	(390, 'Galletitas Terrabusi Kids 120g', 'Galletitas con formas infantiles', 130.00, 170.00, 90, 5, 5, '779200000034', '2025-07-02 23:10:55'),
	(391, 'Terrabusi Mix Familiar', 'Combinación de galletitas clásicas', 220.00, 290.00, 60, 5, 5, '779200000035', '2025-07-02 23:10:55'),
	(392, 'Pack Escolar Terrabusi', 'Combo de snacks para chicos', 300.00, 380.00, 70, 5, 5, '779200000036', '2025-07-02 23:10:55'),
	(393, 'Pack Merienda Terrabusi', 'Combo para el recreo', 320.00, 400.00, 65, 5, 5, '779200000037', '2025-07-02 23:10:55'),
	(394, 'Budín Terrabusi Vainilla 220g', 'Budín sabor vainilla', 190.00, 250.00, 80, 5, 4, '779200000038', '2025-07-02 23:10:55'),
	(395, 'Budín Terrabusi Marmolado 220g', 'Budín marmolado chocolate-vainilla', 195.00, 255.00, 75, 5, 4, '779200000039', '2025-07-02 23:10:55'),
	(396, 'Budín Terrabusi Frutas 220g', 'Budín con frutas confitadas', 195.00, 255.00, 70, 5, 4, '779200000040', '2025-07-02 23:10:55'),
	(397, 'Chocolatina Mini Tita x4', 'Mini Titas en pack', 160.00, 220.00, 85, 5, 25, '779200000041', '2025-07-02 23:10:55'),
	(398, 'Chocolatina Mini Rhodesia x4', 'Mini Rhodesias en pack', 160.00, 220.00, 85, 5, 25, '779200000042', '2025-07-02 23:10:55'),
	(399, 'Mix Golosinas Terrabusi', 'Mix de golosinas clásicas', 250.00, 320.00, 55, 5, 25, '779200000043', '2025-07-02 23:10:55'),
	(400, 'Tita XL 80g', 'Tita extra grande', 120.00, 170.00, 70, 5, 25, '779200000044', '2025-07-02 23:10:55'),
	(401, 'Rhodesia XL 80g', 'Rhodesia extra grande', 120.00, 170.00, 70, 5, 25, '779200000045', '2025-07-02 23:10:55'),
	(402, 'Barra Cereal Chocolate 25g', 'Barrita de cereal con chocolate', 75.00, 110.00, 100, 5, 1, '779200000046', '2025-07-02 23:10:55'),
	(403, 'Barra Cereal Frutos Rojos 25g', 'Barrita de cereal con frutos rojos', 75.00, 110.00, 100, 5, 1, '779200000047', '2025-07-02 23:10:55'),
	(404, 'Bizcochitos Terrabusi 200g', 'Bizcochitos de grasa', 140.00, 190.00, 90, 5, 5, '779200000048', '2025-07-02 23:10:55'),
	(405, 'Bizcochitos de Salvado 200g', 'Bizcochitos integrales', 145.00, 195.00, 85, 5, 5, '779200000049', '2025-07-02 23:10:55'),
	(406, 'Bizcochitos Dulces 200g', 'Bizcochitos saborizados', 145.00, 195.00, 85, 5, 5, '779200000050', '2025-07-02 23:10:55');

-- Volcando estructura para tabla pp3_proyecto.productos_bak
CREATE TABLE IF NOT EXISTS `productos_bak` (
  `id` int(11) NOT NULL DEFAULT 0,
  `nombre` varchar(255) CHARACTER SET utf8mb3 COLLATE utf8mb3_general_ci NOT NULL,
  `descripcion` text CHARACTER SET utf8mb3 COLLATE utf8mb3_general_ci DEFAULT NULL,
  `precio_costo` decimal(10,2) NOT NULL,
  `precio_venta` decimal(10,2) NOT NULL,
  `stock` int(11) NOT NULL DEFAULT 0,
  `marca_id` int(11) DEFAULT NULL,
  `categoria_id` int(11) DEFAULT NULL,
  `codigo_barras` varchar(50) CHARACTER SET utf8mb3 COLLATE utf8mb3_general_ci DEFAULT NULL,
  `fecha_alta` timestamp NULL DEFAULT current_timestamp()
) ENGINE=InnoDB DEFAULT  CHARSET=utf8mb3 COLLATE=utf8mb3_general_ci;

-- Volcando datos para la tabla pp3_proyecto.productos_bak: ~245 rows (aproximadamente)
INSERT IGNORE INTO `productos_bak` (`id`, `nombre`, `descripcion`, `precio_costo`, `precio_venta`, `stock`, `marca_id`, `categoria_id`, `codigo_barras`, `fecha_alta`) VALUES
	(2, 'Yerba Mate Marolio', 'Yerba mate elaborada tradicional', 80.00, 120.00, 200, 52, 23, '779123456002', '2025-05-25 21:13:28'),
	(3, 'Salame Paladini', 'Salame tipo milán de Paladini', 150.00, 200.00, 50, 8, 14, '779123456003', '2025-05-25 21:13:28'),
	(4, 'Dulce de Leche La Serenísima', 'Dulce de leche clásico', 100.00, 150.00, 80, 1, 4, '779123456004', '2025-05-25 21:13:28'),
	(5, 'Aceite de Girasol Natura', 'Aceite de girasol 1L', 90.00, 130.00, 120, 42, 16, '779123456005', '2025-05-25 21:13:28'),
	(6, 'Notebook Banghó Max', 'Notebook Banghó con procesador Intel i5', 50000.00, 65000.00, 30, 29, 26, '779123456006', '2025-05-25 21:13:28'),
	(7, 'PC de Escritorio EXO', 'Computadora de escritorio EXO básica', 40000.00, 55000.00, 25, 53, 26, '779123456007', '2025-05-25 21:13:28'),
	(8, 'All in One Ken Brown', 'Computadora All in One Ken Brown 21"', 45000.00, 60000.00, 20, 54, 26, '779123456008', '2025-05-25 21:13:28'),
	(9, 'Tablet CX', 'Tablet CX de 10 pulgadas', 30000.00, 40000.00, 40, 86, 26, '779123456009', '2025-05-25 21:13:28'),
	(10, 'Monitor Eurocase 24"', 'Monitor LED Eurocase de 24 pulgadas', 20000.00, 27000.00, 35, 55, 26, '779123456010', '2025-05-25 21:13:28'),
	(11, 'Heladera Patrick 320L', 'Heladera Patrick con freezer superior', 60000.00, 75000.00, 15, 56, 24, '779123456011', '2025-05-25 21:13:28'),
	(12, 'Lavarropas Drean Next 6.06', 'Lavarropas automático Drean 6kg', 55000.00, 70000.00, 10, 57, 24, '779123456012', '2025-05-25 21:13:28'),
	(13, 'Cocina Orbis 4 Hornallas', 'Cocina a gas Orbis con horno', 50000.00, 65000.00, 12, 58, 24, '779123456013', '2025-05-25 21:13:28'),
	(14, 'Estufa Eskabe TB 5000', 'Estufa a gas Eskabe tiro balanceado 5000 kcal', 25000.00, 32000.00, 18, 59, 24, '779123456014', '2025-05-25 21:13:28'),
	(15, 'Aire Acondicionado BGH 3000W', 'Aire acondicionado BGH frío/calor 3000W', 45000.00, 60000.00, 8, 30, 24, '779123456015', '2025-05-25 21:13:28'),
	(16, 'Silla de Oficina Mite', 'Silla ergonómica para oficina marca Mite', 8000.00, 12000.00, 20, 60, 32, '779123456016', '2025-05-25 21:13:28'),
	(17, 'Escritorio Genoud', 'Escritorio de madera para computadora', 10000.00, 15000.00, 10, 61, 32, '779123456017', '2025-05-25 21:13:28'),
	(18, 'Mesa de Comedor Peter Wells', 'Mesa de comedor para 6 personas', 15000.00, 20000.00, 5, 63, 32, '779123456018', '2025-05-25 21:13:28'),
	(19, 'Sillón Safari', 'Sillón de 2 cuerpos tapizado', 12000.00, 18000.00, 7, 62, 32, '779123456019', '2025-05-25 21:13:28'),
	(20, 'Biblioteca Seis Mobiliario', 'Biblioteca de madera con 5 estantes', 9000.00, 13000.00, 9, 61, 32, '779123456020', '2025-05-25 21:13:28'),
	(21, 'Colchón King Koil 2 Plazas', 'Colchón de resortes 2 plazas', 20000.00, 25000.00, 6, 76, 30, '779123456021', '2025-05-25 21:13:28'),
	(22, 'Somier Piero 1 Plaza', 'Somier de 1 plaza con colchón', 15000.00, 20000.00, 8, 23, 31, '779123456022', '2025-05-25 21:13:28'),
	(23, 'Colchón Cannon 2 Plazas', 'Colchón espuma alta densidad', 18000.00, 23000.00, 5, 24, 30, '779123456023', '2025-05-25 21:13:28'),
	(24, 'Somier Suavestar Queen', 'Somier Queen con base y colchón', 22000.00, 28000.00, 4, 78, 31, '779123456024', '2025-05-25 21:13:28'),
	(25, 'Colchón La Cardeuse 1 Plaza', 'Colchón de espuma 1 plaza', 12000.00, 16000.00, 10, 79, 30, '779123456025', '2025-05-25 21:13:28'),
	(26, 'Licuadora Atma 600W', 'Licuadora de 600W con vaso de vidrio', 5000.00, 7000.00, 15, 64, 25, '779123456026', '2025-05-25 21:13:28'),
	(27, 'Tostadora Liliana 2 Rebanadas', 'Tostadora eléctrica para 2 rebanadas', 3000.00, 4500.00, 20, 20, 25, '779123456027', '2025-05-25 21:13:28'),
	(28, 'Cafetera Philips 1L', 'Cafetera eléctrica de 1 litro', 4000.00, 6000.00, 12, 80, 25, '779123456028', '2025-05-25 21:13:28'),
	(29, 'Batidora Peabody 300W', 'Batidora de mano 300W', 3500.00, 5000.00, 18, 81, 25, '779123456029', '2025-05-25 21:13:28'),
	(30, 'Microondas Sanyo 20L', 'Microondas digital de 20 litros', 8000.00, 10000.00, 10, 82, 25, '779123456030', '2025-05-25 21:13:28'),
	(31, 'Secador de Pelo Gama 2000W', 'Secador de pelo profesional 2000W', 4000.00, 5500.00, 25, 83, 42, '779123456031', '2025-05-25 21:13:28'),
	(32, 'Plancha de Pelo Philips', 'Plancha alisadora de cerámica', 3500.00, 5000.00, 20, 80, 42, '779123456032', '2025-05-25 21:13:28'),
	(33, 'Afeitadora Eléctrica Braun', 'Afeitadora recargable', 6000.00, 8000.00, 15, 84, 42, '779123456033', '2025-05-25 21:13:28'),
	(34, 'Depiladora Philips Satinelle', 'Depiladora eléctrica compacta', 4500.00, 6000.00, 18, 80, 42, '779123456034', '2025-05-25 21:13:28'),
	(35, 'Cepillo Eléctrico Oral-B', 'Cepillo dental eléctrico recargable', 3000.00, 4500.00, 22, 85, 42, '779123456035', '2025-05-25 21:13:28'),
	(46, 'Galletitas Chocolinas Bagley', 'Galletitas de chocolate clásicas de Bagley', 120.00, 160.00, 50, 4, 5, '779500002001', '2025-05-25 21:28:55'),
	(47, 'Galletitas Opera Bagley', 'Galletitas rellenas sabor vainilla', 135.00, 180.00, 60, 3, 5, '779500002002', '2025-05-25 21:28:55'),
	(48, 'Galletitas Rex Bagley', 'Galletitas crocantes ideales para el desayuno', 110.00, 150.00, 80, 3, 5, '779500002003', '2025-05-25 21:28:55'),
	(49, 'Galletitas Diversión Bagley', 'Con formas divertidas y sabor a vainilla', 140.00, 185.00, 40, 3, 5, '779500002004', '2025-05-25 21:28:55'),
	(50, 'Galletitas Manón Bagley', 'Clásicas galletitas dulces sabor vainilla', 125.00, 170.00, 70, 3, 5, '779500002005', '2025-05-25 21:28:55'),
	(51, 'Galletitas Mini Diversión Bagley', 'Mini galletitas dulces para llevar', 100.00, 135.00, 90, 3, 5, '779500002006', '2025-05-25 21:28:55'),
	(52, 'Galletitas Tentación Bagley', 'Rellenas con crema de chocolate', 145.00, 190.00, 35, 3, 5, '779500002007', '2025-05-25 21:28:55'),
	(53, 'Galletitas Mellizas Bagley', 'Rellenas con dulce de leche', 130.00, 175.00, 45, 3, 5, '779500002008', '2025-05-25 21:28:55'),
	(54, 'Galletitas Variedad Familiar Bagley', 'Mix de galletitas dulces y saladas', 180.00, 240.00, 30, 3, 5, '779500002009', '2025-05-25 21:28:55'),
	(55, 'Galletitas Arroz Bagley', 'Galletitas livianas a base de arroz', 115.00, 155.00, 65, 3, 5, '779500002010', '2025-05-25 21:28:55'),
	(106, 'Yerba Mate Taragüi 1kg', 'Yerba mate tradicional Taragüi', 500.00, 800.00, 150, 99, 23, '779123450001', '2025-06-11 22:35:24'),
	(107, 'Yerba Mate Taragüi Suave 1kg', 'Yerba mate suave Taragüi', 500.00, 800.00, 120, 99, 23, '779123450002', '2025-06-11 22:35:24'),
	(108, 'Bon o Bon x10', 'Bombones Bon o Bon Arcor', 200.00, 320.00, 200, 3, 7, '779123450003', '2025-06-11 22:35:24'),
	(109, 'Dulce de Leche Marolio 400g', 'Dulce de leche cremoso Marolio', 250.00, 380.00, 180, 8, 4, '779123450004', '2025-06-11 22:35:24'),
	(110, 'Manteca La Serenísima 200g', 'Manteca tradicional', 150.00, 230.00, 140, 1, 1, '779123450005', '2025-06-11 22:35:24'),
	(111, 'Queso Sancor sardo 300g', 'Queso sardo firme', 300.00, 450.00, 100, 6, 2, '779123450006', '2025-06-11 22:35:24'),
	(112, 'Leche Ilolay UAT 1L', 'Leche larga vida entera', 180.00, 270.00, 160, 48, 1, '779123450007', '2025-06-11 22:35:24'),
	(113, 'Helado Havanna 1L', 'Helado crema cookies', 350.00, 520.00, 90, 13, 4, '779123450008', '2025-06-11 22:35:24'),
	(114, 'Galletitas Chocolinas Bagley', 'Galletitas chocolate', 120.00, 160.00, 200, 3, 5, '779123450009', '2025-06-11 22:35:24'),
	(115, 'Galletitas Rex Bagley', 'Galletitas crocantes', 110.00, 150.00, 180, 3, 5, '779123450010', '2025-06-11 22:35:24'),
	(116, 'Arroz Gallo Perdigón 1kg', 'Arroz redondo', 200.00, 280.00, 130, 3, 20, '779123450011', '2025-06-11 22:35:24'),
	(117, 'Fideos Matarazzo 500g', 'Spaghetti tradicionales', 150.00, 230.00, 140, 3, 19, '779123450012', '2025-06-11 22:35:24'),
	(118, 'Aceite de Girasol Natura 1L', 'Aceite de girasol puro', 220.00, 320.00, 150, 42, 16, '779123450013', '2025-06-11 22:35:24'),
	(119, 'Mayonesa Hellmann\'s 475g', 'Mayonesa clásica', 250.00, 360.00, 140, 50, 17, '779123450014', '2025-06-11 22:35:24'),
	(120, 'Ketchup Knorr 500g', 'Salsa ketchup', 200.00, 290.00, 130, 51, 18, '779123450015', '2025-06-11 22:35:24'),
	(121, 'Atún La Campagnola 170g', 'Atún en agua', 180.00, 260.00, 110, 49, 9, '779123450016', '2025-06-11 22:35:24'),
	(122, 'Leche en polvo La Serenísima 400g', 'Leche en polvo instantánea', 300.00, 420.00, 120, 1, 1, '779123450017', '2025-06-11 22:35:24'),
	(123, 'Café La Virginia 250g', 'Café molido tradicional', 280.00, 400.00, 140, 45, 22, '779123450018', '2025-06-11 22:35:24'),
	(124, 'Yerba Mate Amanda 500g', 'Yerba tradicional Amanda', 260.00, 370.00, 130, 5, 23, '779123450019', '2025-06-11 22:35:24'),
	(125, 'Yerba Mate Playadito 1kg', 'Yerba con palo', 480.00, 700.00, 120, 5, 23, '779123450020', '2025-06-11 22:35:24'),
	(126, 'Agua Manaos 2L', 'Agua mineral Manaos', 100.00, 150.00, 200, 30, 11, '779123450021', '2025-06-11 22:35:24'),
	(127, 'Manaos Pomelo 2L', 'Gaseosa sabor pomelo', 200.00, 290.00, 180, 30, 11, '779123450022', '2025-06-11 22:35:24'),
	(128, 'Cunnington Tónica 1.5L', 'Gaseosa tónica Cunnington', 200.00, 300.00, 160, 31, 11, '779123450023', '2025-06-11 22:35:24'),
	(129, 'Fernet Branca 750ml', 'Fernet clásico', 750.00, 1100.00, 80, 32, 11, '779123450024', '2025-06-11 22:35:24'),
	(130, 'Coca-Cola 2.25L', 'Gaseosa Coca‑Cola', 400.00, 650.00, 150, 33, 11, '779123450025', '2025-06-11 22:35:24'),
	(131, 'Gaseosa Sprite 2.25L', 'Gaseosa Sprite', 380.00, 620.00, 140, 33, 11, '779123450026', '2025-06-11 22:35:24'),
	(132, 'Pizza Fugazzeta Don Satur 500g', 'Pizza congelada clásica', 600.00, 850.00, 100, 34, 15, '779123450027', '2025-06-11 22:35:24'),
	(133, 'Natilla Arcor Chocolate 170g', 'Postre lácteo', 220.00, 330.00, 160, 3, 4, '779123450028', '2025-06-11 22:35:24'),
	(134, 'Yogurísimo Saborizado 125g', 'Yogur bebible', 100.00, 150.00, 200, 5, 3, '779123450029', '2025-06-11 22:35:24'),
	(135, 'Jugo Cepita Naranja 1L', 'Jugo de naranja exprimido', 180.00, 260.00, 140, 64, 10, '779123450030', '2025-06-11 22:35:24'),
	(136, 'Arvejas Marolio 400g', 'Arvejas marca Marolio', 160.00, 240.00, 120, 52, 9, '779123450031', '2025-06-11 22:35:24'),
	(137, 'Harina Pureza 0000 1kg', 'Harina para pastel', 120.00, 180.00, 200, 8, 42, '779123450032', '2025-06-11 22:35:24'),
	(138, 'Azúcar Ledesma 1kg', 'Azúcar blanca', 140.00, 200.00, 180, 14, 42, '779123450033', '2025-06-11 22:35:24'),
	(139, 'Yerba Mate Cruz de Malta 1kg', 'Yerba tradicional', 480.00, 700.00, 130, 5, 23, '779123450034', '2025-06-11 22:35:24'),
	(140, 'Leche Chocolatada Ilolay 1L', 'Leche sabor chocolate', 200.00, 300.00, 150, 48, 1, '779123450035', '2025-06-11 22:35:24'),
	(141, 'Queso Cremón La Serenísima 300g', 'Queso cremoso para picada', 320.00, 460.00, 110, 1, 2, '779123450036', '2025-06-11 22:35:24'),
	(142, 'Jugo Levité Pomelo 1.5L', 'Bebida saborizada', 180.00, 270.00, 140, 30, 10, '779123450037', '2025-06-11 22:35:24'),
	(143, 'Yerba Mate CBSé Pomelo 500g', 'Yerba saborizada', 260.00, 380.00, 120, 5, 23, '779123450038', '2025-06-11 22:35:24'),
	(144, 'Yerba Mate CBSé Energy 500g', 'Yerba con energía', 260.00, 380.00, 110, 5, 23, '779123450039', '2025-06-11 22:35:24'),
	(145, 'Harina Morixe 000 1kg', 'Harina común', 120.00, 180.00, 170, 8, 42, '779123450040', '2025-06-11 22:35:24'),
	(146, 'Papel Higiénico Elite 6 unid', 'Pack papel higiénico', 400.00, 600.00, 200, 45, 46, '779123450041', '2025-06-11 22:35:24'),
	(147, 'Detergente Ala Matic 1.5L', 'Detergente líquido concentrado', 600.00, 900.00, 120, 45, 46, '779123450042', '2025-06-11 22:35:24'),
	(148, 'Shampoo Sedal 360ml', 'Shampoo nutrición', 350.00, 520.00, 140, 45, 45, '779123450043', '2025-06-11 22:35:24'),
	(149, 'Crema Dental Colgate Total 90g', 'Pasta dental antiplaca', 300.00, 450.00, 150, 9, 45, '779123450044', '2025-06-11 22:35:24'),
	(150, 'Jugo Tang Naranja 500g', 'Bebida en polvo sabor naranja', 150.00, 220.00, 160, 45, 12, '779123450045', '2025-06-11 22:35:24'),
	(151, 'Yerba Mate Playadito Suave 500g', 'Yerba saborizada suave', 260.00, 370.00, 130, 5, 23, '779123450046', '2025-06-11 22:35:24'),
	(152, 'Aceite Lira Girasol 1L', 'Aceite girasol marca Lira', 210.00, 310.00, 140, 8, 16, '779123450047', '2025-06-11 22:35:24'),
	(153, 'Gaseosa Manaos Cola 2L', 'Refresco cola económico', 200.00, 290.00, 180, 30, 11, '779123450048', '2025-06-11 22:35:24'),
	(154, 'Yerba Mate Nobleza Gaucha 1kg', 'Yerba tradicional', 470.00, 680.00, 120, 5, 23, '779123450049', '2025-06-11 22:35:24'),
	(155, 'Yerba Mate Amanda Suave 500g', 'Yerba suave en bolsa', 260.00, 370.00, 110, 5, 23, '779123450050', '2025-06-11 22:35:24'),
	(156, 'Crema de leche La Serenísima 200ml', 'Crema de leche entera pasteurizada ideal para cocina y postres.', 250.00, 350.00, 100, 1, 1, NULL, '2025-06-23 05:11:47'),
	(157, 'Puré de Tomate Molto 520g', 'Puré de tomate tradicional', 85.00, 120.00, 100, 46, 15, '779800001001', '2025-07-02 22:02:54'),
	(158, 'Lentejas Molto 400g', 'Lentejas cocidas listas para consumir', 90.00, 130.00, 80, 46, 2, '779800001002', '2025-07-02 22:02:54'),
	(159, 'Garbanzos Molto 400g', 'Garbanzos cocidos al natural', 95.00, 135.00, 70, 46, 2, '779800001003', '2025-07-02 22:02:54'),
	(160, 'Choclo en Grano Molto 300g', 'Choclo amarillo en lata', 88.00, 125.00, 85, 46, 2, '779800001004', '2025-07-02 22:02:54'),
	(161, 'Arvejas Molto 300g', 'Arvejas verdes al natural', 87.00, 122.00, 90, 46, 2, '779800001005', '2025-07-02 22:02:54'),
	(162, 'Salsa Lista Molto Tradicional 340g', 'Salsa lista con tomates seleccionados', 75.00, 110.00, 95, 46, 15, '779800001006', '2025-07-02 22:02:54'),
	(163, 'Salsa Bolognesa Molto 340g', 'Salsa con carne picada', 98.00, 145.00, 60, 46, 15, '779800001007', '2025-07-02 22:02:54'),
	(164, 'Salsa Fileto Molto 340g', 'Salsa de tomate con cebolla', 92.00, 135.00, 70, 46, 15, '779800001008', '2025-07-02 22:02:54'),
	(165, 'Salsa Napolitana Molto 340g', 'Salsa con tomate y ajo', 90.00, 130.00, 85, 46, 15, '779800001009', '2025-07-02 22:02:54'),
	(166, 'Salsa Cuatro Quesos Molto 340g', 'Salsa con mix de quesos', 110.00, 160.00, 40, 46, 15, '779800001010', '2025-07-02 22:02:54'),
	(167, 'Fideos Spaghetti Molto 500g', 'Pasta seca tipo spaghetti', 65.00, 95.00, 120, 46, 6, '779800001011', '2025-07-02 22:02:54'),
	(168, 'Fideos Mostachol Molto 500g', 'Pasta corta tipo mostachol', 65.00, 95.00, 100, 46, 6, '779800001012', '2025-07-02 22:02:54'),
	(169, 'Fideos Tirabuzón Molto 500g', 'Pasta en forma de espiral', 65.00, 95.00, 110, 46, 6, '779800001013', '2025-07-02 22:02:54'),
	(170, 'Fideos Rigatti Molto 500g', 'Pasta tipo rigatti', 65.00, 95.00, 105, 46, 6, '779800001014', '2025-07-02 22:02:54'),
	(171, 'Fideos Codito Molto 500g', 'Pasta tipo codito', 65.00, 95.00, 115, 46, 6, '779800001015', '2025-07-02 22:02:54'),
	(172, 'Fideos Cinta Molto 500g', 'Pasta tipo cinta ancha', 68.00, 100.00, 90, 46, 6, '779800001016', '2025-07-02 22:02:54'),
	(173, 'Fideos Ñoquis Molto 500g', 'Pasta tipo ñoquis secos', 70.00, 105.00, 85, 46, 6, '779800001017', '2025-07-02 22:02:54'),
	(174, 'Fideos con Vegetales Molto 500g', 'Pasta con vegetales deshidratados', 72.00, 110.00, 75, 46, 6, '779800001018', '2025-07-02 22:02:54'),
	(175, 'Fideos Integrales Molto 500g', 'Pasta integral', 78.00, 115.00, 60, 46, 6, '779800001019', '2025-07-02 22:02:54'),
	(176, 'Fideos Sin Gluten Molto 300g', 'Pasta libre de gluten', 90.00, 130.00, 50, 46, 6, '779800001020', '2025-07-02 22:02:54'),
	(177, 'Tomates Perita Molto 400g', 'Tomates perita pelados enteros', 100.00, 140.00, 95, 46, 2, '779800001021', '2025-07-02 22:02:54'),
	(178, 'Chauchas Molto 300g', 'Chauchas verdes en conserva', 93.00, 130.00, 60, 46, 2, '779800001022', '2025-07-02 22:02:54'),
	(179, 'Remolachas Molto 300g', 'Remolachas en rodajas', 92.00, 128.00, 55, 46, 2, '779800001023', '2025-07-02 22:02:54'),
	(180, 'Zanahorias Molto 300g', 'Zanahorias en conserva', 89.00, 125.00, 58, 46, 2, '779800001024', '2025-07-02 22:02:54'),
	(181, 'Mix de Vegetales Molto 300g', 'Ensalada primavera', 100.00, 140.00, 45, 46, 2, '779800001025', '2025-07-02 22:02:54'),
	(182, 'Dulce de Batata Molto 500g', 'Dulce de batata clásico', 95.00, 135.00, 70, 46, 4, '779800001026', '2025-07-02 22:02:54'),
	(183, 'Dulce de Membrillo Molto 500g', 'Dulce de membrillo clásico', 95.00, 135.00, 68, 46, 4, '779800001027', '2025-07-02 22:02:54'),
	(184, 'Dulce Mixto Molto 500g', 'Mitad batata, mitad membrillo', 98.00, 138.00, 60, 46, 4, '779800001028', '2025-07-02 22:02:54'),
	(185, 'Duraznos en Almíbar Molto 820g', 'Duraznos amarillos en almíbar', 120.00, 160.00, 50, 46, 4, '779800001029', '2025-07-02 22:02:54'),
	(186, 'Peras en Almíbar Molto 820g', 'Peras en mitades', 120.00, 160.00, 52, 46, 4, '779800001030', '2025-07-02 22:02:54'),
	(187, 'Chimichurri Molto 200ml', 'Salsa clásica para carnes', 65.00, 95.00, 75, 46, 15, '779800001031', '2025-07-02 22:02:54'),
	(188, 'Salsa Criolla Molto 200ml', 'Salsa típica argentina', 65.00, 95.00, 78, 46, 15, '779800001032', '2025-07-02 22:02:54'),
	(189, 'Aceitunas Verdes Molto 300g', 'Aceitunas descarozadas', 115.00, 155.00, 65, 46, 2, '779800001033', '2025-07-02 22:02:54'),
	(190, 'Aceitunas Negras Molto 300g', 'Aceitunas negras en salmuera', 118.00, 158.00, 60, 46, 2, '779800001034', '2025-07-02 22:02:54'),
	(191, 'Pickles Molto 300g', 'Pickles en vinagre', 110.00, 150.00, 55, 46, 2, '779800001035', '2025-07-02 22:02:54'),
	(192, 'Alubias Molto 400g', 'Porotos alubias cocidos', 94.00, 132.00, 70, 46, 2, '779800001036', '2025-07-02 22:02:54'),
	(193, 'Porotos Negros Molto 400g', 'Porotos negros cocidos', 94.00, 132.00, 68, 46, 2, '779800001037', '2025-07-02 22:02:54'),
	(194, 'Harina de Maíz Molto 1kg', 'Harina de maíz para polenta', 120.00, 150.00, 85, 46, 1, '779800001038', '2025-07-02 22:02:54'),
	(195, 'Polenta Lista Molto 500g', 'Polenta instantánea', 90.00, 130.00, 100, 46, 1, '779800001039', '2025-07-02 22:02:54'),
	(196, 'Arroz Largo Fino Molto 1kg', 'Arroz blanco largo fino', 140.00, 180.00, 90, 46, 1, '779800001040', '2025-07-02 22:02:54'),
	(197, 'Sémola Molto 500g', 'Sémola de trigo para preparar postres', 80.00, 115.00, 95, 46, 1, '779800001041', '2025-07-02 22:02:54'),
	(198, 'Cereales Molto Mix 300g', 'Cereales con frutos secos', 150.00, 200.00, 40, 46, 1, '779800001042', '2025-07-02 22:02:54'),
	(199, 'Pan Rallado Molto 500g', 'Pan rallado clásico', 85.00, 120.00, 120, 46, 1, '779800001043', '2025-07-02 22:02:54'),
	(200, 'Rebozador Molto 500g', 'Rebozador saborizado', 88.00, 125.00, 110, 46, 1, '779800001044', '2025-07-02 22:02:54'),
	(201, 'Salsa Picante Molto 150ml', 'Salsa picante tipo mexicana', 100.00, 140.00, 30, 46, 15, '779800001045', '2025-07-02 22:02:54'),
	(202, 'Mayonesa Molto 500g', 'Mayonesa tradicional', 120.00, 165.00, 50, 46, 15, '779800001046', '2025-07-02 22:02:54'),
	(203, 'Ketchup Molto 500g', 'Ketchup con sabor a tomate maduro', 115.00, 160.00, 55, 46, 15, '779800001047', '2025-07-02 22:02:54'),
	(204, 'Mostaza Molto 500g', 'Mostaza suave', 110.00, 150.00, 65, 46, 15, '779800001048', '2025-07-02 22:02:54'),
	(205, 'Fideos Lasagna Molto 500g', 'Láminas para lasagna', 75.00, 110.00, 70, 46, 6, '779800001049', '2025-07-02 22:02:54'),
	(206, 'Ravioles Secos Molto 500g', 'Pasta rellena deshidratada', 130.00, 175.00, 40, 46, 6, '779800001050', '2025-07-02 22:02:54'),
	(257, 'Leche Entera La Serenísima 1L', 'Leche entera larga vida', 130.00, 180.00, 150, 1, 7, '779100000001', '2025-07-02 22:17:51'),
	(258, 'Leche Descremada La Serenísima 1L', 'Leche descremada larga vida', 125.00, 175.00, 130, 1, 7, '779100000002', '2025-07-02 22:17:51'),
	(259, 'Leche Parcialmente Descremada La Serenísima 1L', 'Leche parcialmente descremada', 128.00, 178.00, 140, 1, 7, '779100000003', '2025-07-02 22:17:51'),
	(260, 'Leche Chocolatada La Serenísima 1L', 'Leche sabor chocolate', 140.00, 190.00, 100, 1, 7, '779100000004', '2025-07-02 22:17:51'),
	(261, 'Leche Infantil La Serenísima 1L', 'Leche especial para niños', 170.00, 220.00, 80, 1, 7, '779100000005', '2025-07-02 22:17:51'),
	(262, 'Yogur Bebible Frutilla 1L', 'Yogur bebible sabor frutilla', 160.00, 210.00, 120, 1, 7, '779100000006', '2025-07-02 22:17:51'),
	(263, 'Yogur Bebible Vainilla 1L', 'Yogur bebible sabor vainilla', 160.00, 210.00, 115, 1, 7, '779100000007', '2025-07-02 22:17:51'),
	(264, 'Yogur Bebible Durazno 1L', 'Yogur bebible sabor durazno', 160.00, 210.00, 115, 1, 7, '779100000008', '2025-07-02 22:17:51'),
	(265, 'Yogur Bebible Multifruta 1L', 'Yogur con sabores combinados', 165.00, 215.00, 100, 1, 7, '779100000009', '2025-07-02 22:17:51'),
	(266, 'Yogur Natural 1kg', 'Yogur natural sin sabor', 170.00, 225.00, 90, 1, 7, '779100000010', '2025-07-02 22:17:51'),
	(267, 'Queso Cremoso La Serenísima 500g', 'Queso fresco tradicional', 450.00, 600.00, 60, 1, 7, '779100000011', '2025-07-02 22:17:51'),
	(268, 'Queso Port Salut La Serenísima 500g', 'Queso semiduro suave', 470.00, 620.00, 55, 1, 7, '779100000012', '2025-07-02 22:17:51'),
	(269, 'Queso Muzzarella La Serenísima 500g', 'Queso para pizza', 480.00, 630.00, 70, 1, 7, '779100000013', '2025-07-02 22:17:51'),
	(270, 'Queso Rallado La Serenísima 100g', 'Queso rallado natural', 150.00, 200.00, 85, 1, 7, '779100000014', '2025-07-02 22:17:51'),
	(271, 'Manteca La Serenísima 200g', 'Manteca con sal', 200.00, 270.00, 100, 1, 7, '779100000015', '2025-07-02 22:17:51'),
	(272, 'Manteca sin sal La Serenísima 200g', 'Manteca sin sal', 210.00, 280.00, 95, 1, 7, '779100000016', '2025-07-02 22:17:51'),
	(273, 'Crema de Leche 200ml', 'Crema líquida para cocinar', 160.00, 220.00, 90, 1, 7, '779100000017', '2025-07-02 22:17:51'),
	(274, 'Crema Doble La Serenísima 200ml', 'Crema con mayor tenor graso', 180.00, 240.00, 80, 1, 7, '779100000018', '2025-07-02 22:17:51'),
	(275, 'Dulce de Leche Clásico 400g', 'Dulce de leche clásico argentino', 220.00, 290.00, 75, 1, 4, '779100000019', '2025-07-02 22:17:51'),
	(276, 'Dulce de Leche Repostero 400g', 'Dulce de leche más espeso', 230.00, 300.00, 70, 1, 4, '779100000020', '2025-07-02 22:17:51'),
	(277, 'Flan de Vainilla 120g', 'Postre de vainilla listo para servir', 90.00, 120.00, 100, 1, 4, '779100000021', '2025-07-02 22:17:51'),
	(278, 'Flan de Dulce de Leche 120g', 'Postre individual', 95.00, 130.00, 90, 1, 4, '779100000022', '2025-07-02 22:17:51'),
	(279, 'Postre Chocolatada 120g', 'Postre lácteo con sabor chocolate', 95.00, 130.00, 85, 1, 4, '779100000023', '2025-07-02 22:17:51'),
	(280, 'Postre Frutilla 120g', 'Postre lácteo sabor frutilla', 95.00, 130.00, 85, 1, 4, '779100000024', '2025-07-02 22:17:51'),
	(281, 'Leche en Polvo Entera 400g', 'Leche entera en polvo', 400.00, 550.00, 50, 1, 1, '779100000025', '2025-07-02 22:17:51'),
	(282, 'Leche en Polvo Descremada 400g', 'Leche descremada en polvo', 390.00, 540.00, 55, 1, 1, '779100000026', '2025-07-02 22:17:51'),
	(283, 'Queso Untable Clásico 290g', 'Queso crema para untar', 210.00, 280.00, 60, 1, 7, '779100000027', '2025-07-02 22:17:51'),
	(284, 'Queso Untable Light 290g', 'Queso crema bajo en calorías', 215.00, 285.00, 55, 1, 7, '779100000028', '2025-07-02 22:17:51'),
	(285, 'Yogur con Cereal Frutilla 160g', 'Yogur con granola y frutas', 110.00, 150.00, 80, 1, 7, '779100000029', '2025-07-02 22:17:51'),
	(286, 'Yogur con Cereal Vainilla 160g', 'Yogur con crocante', 110.00, 150.00, 85, 1, 7, '779100000030', '2025-07-02 22:17:51'),
	(287, 'Postre de Banana Split 120g', 'Postre lácteo sabor banana/chocolate', 98.00, 135.00, 70, 1, 4, '779100000031', '2025-07-02 22:17:51'),
	(288, 'Flan Light La Serenísima 120g', 'Postre bajo en calorías', 95.00, 130.00, 75, 1, 4, '779100000032', '2025-07-02 22:17:51'),
	(289, 'Yogur Pro Vital 1L', 'Yogur con probióticos', 165.00, 220.00, 60, 1, 42, '779100000033', '2025-07-02 22:17:51'),
	(290, 'Yogur Pro Vital Bebible 1L', 'Yogur funcional líquido', 165.00, 220.00, 65, 1, 42, '779100000034', '2025-07-02 22:17:51'),
	(291, 'Leche UAT Sin Lactosa 1L', 'Leche deslactosada larga vida', 145.00, 190.00, 75, 1, 7, '779100000035', '2025-07-02 22:17:51'),
	(292, 'Queso Finlandia 290g', 'Queso untable especial', 250.00, 310.00, 50, 1, 7, '779100000036', '2025-07-02 22:17:51'),
	(293, 'Queso Barra La Serenísima 300g', 'Queso tipo barra semiduro', 280.00, 340.00, 45, 1, 7, '779100000037', '2025-07-02 22:17:51'),
	(294, 'Yogur Griego Natural 150g', 'Yogur griego sin sabor', 125.00, 160.00, 85, 1, 7, '779100000038', '2025-07-02 22:17:51'),
	(295, 'Yogur Griego Frutilla 150g', 'Yogur griego saborizado', 125.00, 160.00, 80, 1, 7, '779100000039', '2025-07-02 22:17:51'),
	(296, 'Yogur Griego Arándanos 150g', 'Yogur griego con arándanos', 125.00, 160.00, 78, 1, 7, '779100000040', '2025-07-02 22:17:51'),
	(297, 'Leche Orgánica 1L', 'Leche de producción orgánica', 160.00, 210.00, 60, 1, 7, '779100000041', '2025-07-02 22:17:51'),
	(298, 'Yogur Bebible Sin Azúcar 1L', 'Yogur sin azúcar agregada', 160.00, 210.00, 65, 1, 7, '779100000042', '2025-07-02 22:17:51'),
	(299, 'Manteca Clarificada 200g', 'Ghee natural', 250.00, 330.00, 30, 1, 7, '779100000043', '2025-07-02 22:17:51'),
	(300, 'Queso Azul 150g', 'Queso de moho azul', 300.00, 380.00, 20, 1, 7, '779100000044', '2025-07-02 22:17:51'),
	(301, 'Yogur Kids Frutilla 100g', 'Yogur para niños', 85.00, 110.00, 90, 1, 7, '779100000045', '2025-07-02 22:17:51'),
	(302, 'Yogur Kids Banana 100g', 'Yogur infantil sabor banana', 85.00, 110.00, 88, 1, 7, '779100000046', '2025-07-02 22:17:51'),
	(303, 'Crema Chantilly 200ml', 'Crema lista para batir', 170.00, 225.00, 40, 1, 4, '779100000047', '2025-07-02 22:17:51'),
	(304, 'Postre Clásico Vainilla-Chocolate 120g', 'Combinación de sabores', 95.00, 130.00, 70, 1, 4, '779100000048', '2025-07-02 22:17:51'),
	(305, 'Flan Familiar 500g', 'Flan tamaño familiar', 180.00, 240.00, 45, 1, 4, '779100000049', '2025-07-02 22:17:51'),
	(306, 'Postre Familiar Chocolate 500g', 'Postre lácteo tamaño familiar', 185.00, 250.00, 40, 1, 4, '779100000050', '2025-07-02 22:17:51'),
	(357, 'Galletitas Chocolinas Terrabusi 150g', 'Galletitas de chocolate clásicas', 130.00, 180.00, 100, 5, 5, '779200000001', '2025-07-02 23:10:55'),
	(358, 'Galletitas Lincoln Terrabusi 200g', 'Galletitas dulces sabor vainilla', 125.00, 175.00, 90, 5, 5, '779200000002', '2025-07-02 23:10:55'),
	(359, 'Galletitas Variedad Terrabusi 300g', 'Mix de galletitas clásicas', 150.00, 200.00, 80, 5, 5, '779200000003', '2025-07-02 23:10:55'),
	(360, 'Galletitas Sonrisas Terrabusi 150g', 'Rellenas con crema sabor frutilla', 135.00, 185.00, 85, 5, 5, '779200000004', '2025-07-02 23:10:55'),
	(361, 'Galletitas Mini Lincoln 100g', 'Versión mini de Lincoln', 110.00, 150.00, 95, 5, 5, '779200000005', '2025-07-02 23:10:55'),
	(362, 'Galletitas Express Terrabusi 130g', 'Saladas tipo cracker', 120.00, 160.00, 80, 5, 5, '779200000006', '2025-07-02 23:10:55'),
	(363, 'Galletitas Frutigran Terrabusi 250g', 'Con avena y frutas', 170.00, 220.00, 60, 5, 5, '779200000007', '2025-07-02 23:10:55'),
	(364, 'Galletitas Anillos Terrabusi 120g', 'Galletitas crocantes con forma de anillo', 130.00, 170.00, 75, 5, 5, '779200000008', '2025-07-02 23:10:55'),
	(365, 'Galletitas Tita Terrabusi 35g', 'Oblea con dulce de leche y cobertura', 60.00, 90.00, 150, 5, 25, '779200000009', '2025-07-02 23:10:55'),
	(366, 'Galletitas Rhodesia Terrabusi 35g', 'Oblea con relleno cítrico y cobertura', 60.00, 90.00, 150, 5, 25, '779200000010', '2025-07-02 23:10:55'),
	(367, 'Alfajor Tita Terrabusi Doble 55g', 'Alfajor doble con cobertura', 80.00, 110.00, 130, 5, 25, '779200000011', '2025-07-02 23:10:55'),
	(368, 'Alfajor Terrabusi Triple Chocolate', 'Alfajor triple con baño de chocolate', 120.00, 160.00, 100, 5, 25, '779200000012', '2025-07-02 23:10:55'),
	(369, 'Alfajor Terrabusi Blanco', 'Alfajor bañado con chocolate blanco', 115.00, 155.00, 95, 5, 25, '779200000013', '2025-07-02 23:10:55'),
	(370, 'Alfajor Terrabusi Clásico', 'Alfajor tradicional con dulce de leche', 110.00, 150.00, 105, 5, 25, '779200000014', '2025-07-02 23:10:55'),
	(371, 'Alfajor Terrabusi Mini Pack x6', 'Pack de alfajores mini', 300.00, 400.00, 70, 5, 25, '779200000015', '2025-07-02 23:10:55'),
	(372, 'Chocolatina Terrabusi Clásica', 'Chocolate con leche', 90.00, 130.00, 120, 5, 25, '779200000016', '2025-07-02 23:10:55'),
	(373, 'Chocolatina Terrabusi Almendras', 'Chocolate con trozos de almendras', 100.00, 140.00, 90, 5, 25, '779200000017', '2025-07-02 23:10:55'),
	(374, 'Chocolatina Terrabusi Cereal', 'Chocolate con cereal crocante', 100.00, 140.00, 85, 5, 25, '779200000018', '2025-07-02 23:10:55'),
	(375, 'Barra Terrabusi Chocolate y Maní', 'Barra energética con maní', 110.00, 145.00, 95, 5, 1, '779200000019', '2025-07-02 23:10:55'),
	(376, 'Barra Terrabusi Mix Frutas', 'Barra con frutas secas', 115.00, 150.00, 90, 5, 1, '779200000020', '2025-07-02 23:10:55'),
	(377, 'Galletitas Avena y Miel 250g', 'Galletitas con avena y miel', 160.00, 210.00, 70, 5, 5, '779200000021', '2025-07-02 23:10:55'),
	(378, 'Galletitas Avena y Chocolate 250g', 'Galletitas saludables con chispas', 165.00, 215.00, 65, 5, 5, '779200000022', '2025-07-02 23:10:55'),
	(379, 'Turrón Terrabusi 20g', 'Turrón de maní clásico', 50.00, 75.00, 180, 5, 4, '779200000023', '2025-07-02 23:10:55'),
	(380, 'Turrón de Arroz Terrabusi', 'Turrón de arroz con miel', 55.00, 80.00, 175, 5, 4, '779200000024', '2025-07-02 23:10:55'),
	(381, 'Chocotorta Pack', 'Kit de galletitas y dulce para preparar', 300.00, 400.00, 60, 5, 4, '779200000025', '2025-07-02 23:10:55'),
	(382, 'Terrabusi Dulce de Leche 400g', 'Dulce de leche clásico', 200.00, 270.00, 80, 5, 4, '779200000026', '2025-07-02 23:10:55'),
	(383, 'Chocolinas XL 300g', 'Galletitas Chocolinas tamaño familiar', 180.00, 240.00, 75, 5, 5, '779200000027', '2025-07-02 23:10:55'),
	(384, 'Lincoln XL 300g', 'Galletitas Lincoln familiar', 170.00, 230.00, 70, 5, 5, '779200000028', '2025-07-02 23:10:55'),
	(385, 'Cookies Terrabusi Chips 250g', 'Cookies con chips de chocolate', 190.00, 260.00, 60, 5, 5, '779200000029', '2025-07-02 23:10:55'),
	(386, 'Cookies Terrabusi Rellenas 250g', 'Cookies con relleno cremoso', 200.00, 270.00, 65, 5, 5, '779200000030', '2025-07-02 23:10:55'),
	(387, 'Snack Galletitas Saladas 150g', 'Galletitas crocantes saladas', 130.00, 180.00, 95, 5, 5, '779200000031', '2025-07-02 23:10:55'),
	(388, 'Wafers Terrabusi Chocolate 120g', 'Wafers rellenos sabor chocolate', 140.00, 190.00, 85, 5, 5, '779200000032', '2025-07-02 23:10:55'),
	(389, 'Wafers Terrabusi Vainilla 120g', 'Wafers rellenos sabor vainilla', 140.00, 190.00, 80, 5, 5, '779200000033', '2025-07-02 23:10:55'),
	(390, 'Galletitas Terrabusi Kids 120g', 'Galletitas con formas infantiles', 130.00, 170.00, 90, 5, 5, '779200000034', '2025-07-02 23:10:55'),
	(391, 'Terrabusi Mix Familiar', 'Combinación de galletitas clásicas', 220.00, 290.00, 60, 5, 5, '779200000035', '2025-07-02 23:10:55'),
	(392, 'Pack Escolar Terrabusi', 'Combo de snacks para chicos', 300.00, 380.00, 70, 5, 5, '779200000036', '2025-07-02 23:10:55'),
	(393, 'Pack Merienda Terrabusi', 'Combo para el recreo', 320.00, 400.00, 65, 5, 5, '779200000037', '2025-07-02 23:10:55'),
	(394, 'Budín Terrabusi Vainilla 220g', 'Budín sabor vainilla', 190.00, 250.00, 80, 5, 4, '779200000038', '2025-07-02 23:10:55'),
	(395, 'Budín Terrabusi Marmolado 220g', 'Budín marmolado chocolate-vainilla', 195.00, 255.00, 75, 5, 4, '779200000039', '2025-07-02 23:10:55'),
	(396, 'Budín Terrabusi Frutas 220g', 'Budín con frutas confitadas', 195.00, 255.00, 70, 5, 4, '779200000040', '2025-07-02 23:10:55'),
	(397, 'Chocolatina Mini Tita x4', 'Mini Titas en pack', 160.00, 220.00, 85, 5, 25, '779200000041', '2025-07-02 23:10:55'),
	(398, 'Chocolatina Mini Rhodesia x4', 'Mini Rhodesias en pack', 160.00, 220.00, 85, 5, 25, '779200000042', '2025-07-02 23:10:55'),
	(399, 'Mix Golosinas Terrabusi', 'Mix de golosinas clásicas', 250.00, 320.00, 55, 5, 25, '779200000043', '2025-07-02 23:10:55'),
	(400, 'Tita XL 80g', 'Tita extra grande', 120.00, 170.00, 70, 5, 25, '779200000044', '2025-07-02 23:10:55'),
	(401, 'Rhodesia XL 80g', 'Rhodesia extra grande', 120.00, 170.00, 70, 5, 25, '779200000045', '2025-07-02 23:10:55'),
	(402, 'Barra Cereal Chocolate 25g', 'Barrita de cereal con chocolate', 75.00, 110.00, 100, 5, 1, '779200000046', '2025-07-02 23:10:55'),
	(403, 'Barra Cereal Frutos Rojos 25g', 'Barrita de cereal con frutos rojos', 75.00, 110.00, 100, 5, 1, '779200000047', '2025-07-02 23:10:55'),
	(404, 'Bizcochitos Terrabusi 200g', 'Bizcochitos de grasa', 140.00, 190.00, 90, 5, 5, '779200000048', '2025-07-02 23:10:55'),
	(405, 'Bizcochitos de Salvado 200g', 'Bizcochitos integrales', 145.00, 195.00, 85, 5, 5, '779200000049', '2025-07-02 23:10:55'),
	(406, 'Bizcochitos Dulces 200g', 'Bizcochitos saborizados', 145.00, 195.00, 85, 5, 5, '779200000050', '2025-07-02 23:10:55');

-- Volcando estructura para tabla pp3_proyecto.proveedores
CREATE TABLE IF NOT EXISTS `proveedores` (
  `id` int(11) NOT NULL AUTO_INCREMENT,
  `nombre` varchar(255) NOT NULL,
  `contacto` varchar(255) DEFAULT NULL,
  `telefono` varchar(50) DEFAULT NULL,
  `email` varchar(255) DEFAULT NULL,
  `direccion` varchar(255) DEFAULT NULL,
  PRIMARY KEY (`id`)
) ENGINE=InnoDB DEFAULT CHARSET=utf8mb3 COLLATE=utf8mb3_general_ci;

-- Volcando datos para la tabla pp3_proyecto.proveedores: ~0 rows (aproximadamente)

-- Volcando estructura para tabla pp3_proyecto.ventas
CREATE TABLE IF NOT EXISTS `ventas` (
  `id` int(11) NOT NULL AUTO_INCREMENT,
  `cliente_id` int(11) DEFAULT NULL,
  `fecha_venta` timestamp NULL DEFAULT current_timestamp(),
  `total_venta` decimal(10,2) NOT NULL,
  `metodo_pago` varchar(50) DEFAULT NULL,
  PRIMARY KEY (`id`),
  KEY `fk_ventas_clientes` (`cliente_id`),
  CONSTRAINT `fk_ventas_clientes` FOREIGN KEY (`cliente_id`) REFERENCES `clientes` (`id`)
) ENGINE=InnoDB DEFAULT CHARSET=utf8mb3 COLLATE=utf8mb3_general_ci;

-- Volcando datos para la tabla pp3_proyecto.ventas: ~0 rows (aproximadamente)

/*!40103 SET TIME_ZONE=IFNULL(@OLD_TIME_ZONE, 'system') */;
/*!40101 SET SQL_MODE=IFNULL(@OLD_SQL_MODE, '') */;
/*!40014 SET FOREIGN_KEY_CHECKS=IFNULL(@OLD_FOREIGN_KEY_CHECKS, 1) */;
/*!40101 SET CHARACTER_SET_CLIENT=@OLD_CHARACTER_SET_CLIENT */;
/*!40111 SET SQL_NOTES=IFNULL(@OLD_SQL_NOTES, 1) */;
