-- --------------------------------------------------------
-- Host:                         127.0.0.1
-- Versión del servidor:         12.0.2-MariaDB - mariadb.org binary distribution
-- SO del servidor:              Win64
-- HeidiSQL Versión:             12.11.0.7065
-- --------------------------------------------------------

/*!40101 SET @OLD_CHARACTER_SET_CLIENT=@@CHARACTER_SET_CLIENT */;
/*!40101 SET NAMES utf8 */;
/*!50503 SET NAMES utf8mb4 */;
/*!40103 SET @OLD_TIME_ZONE=@@TIME_ZONE */;
/*!40103 SET TIME_ZONE='+00:00' */;
/*!40014 SET @OLD_FOREIGN_KEY_CHECKS=@@FOREIGN_KEY_CHECKS, FOREIGN_KEY_CHECKS=0 */;
/*!40101 SET @OLD_SQL_MODE=@@SQL_MODE, SQL_MODE='NO_AUTO_VALUE_ON_ZERO' */;
/*!40111 SET @OLD_SQL_NOTES=@@SQL_NOTES, SQL_NOTES=0 */;


-- Volcando estructura de base de datos para pp3_proyecto
CREATE DATABASE IF NOT EXISTS `pp3_proyecto` /*!40100 DEFAULT CHARACTER SET utf8mb3 COLLATE utf8mb3_general_ci */;
USE `pp3_proyecto`;

-- Volcando estructura para tabla pp3_proyecto.categorias
DROP TABLE IF EXISTS `categorias`;
CREATE TABLE IF NOT EXISTS `categorias` (
  `id` int(11) NOT NULL AUTO_INCREMENT,
  `nombre` varchar(255) NOT NULL,
  `descripcion` text DEFAULT NULL,
  PRIMARY KEY (`id`),
  UNIQUE KEY `nombre` (`nombre`)
) ENGINE=InnoDB AUTO_INCREMENT=57 DEFAULT CHARSET=utf8mb3 COLLATE=utf8mb3_general_ci;

-- Volcando datos para la tabla pp3_proyecto.categorias: ~51 rows (aproximadamente)
DELETE FROM `categorias`;
INSERT INTO `categorias` (`id`, `nombre`, `descripcion`) VALUES
	(1, 'Lácteos', NULL),
	(2, 'Quesos', NULL),
	(3, 'Yogures', NULL),
	(4, 'Dulces y postres', NULL),
	(5, 'Galletitas', NULL),
	(6, 'Snacks', NULL),
	(7, 'Golocinas', NULL),
	(8, 'Cereales', NULL),
	(9, 'Conservas', NULL),
	(10, 'Jugos', NULL),
	(11, 'Bebidas sin alcohol', NULL),
	(12, 'Bebidas en polvo', NULL),
	(13, 'Carnes procesadas', NULL),
	(14, 'Embutidos', NULL),
	(15, 'Congelados', NULL),
	(16, 'Aceites y aderezos', NULL),
	(17, 'Mayonesas', NULL),
	(18, 'Salsas', NULL),
	(19, 'Pastas secas', NULL),
	(20, 'Arroz y legumbres', NULL),
	(21, 'Productos para desayuno', NULL),
	(22, 'Café y té', NULL),
	(23, 'Infusiones', NULL),
	(24, 'Electrodomésticos', NULL),
	(25, 'Pequeños electrodomésticos', NULL),
	(26, 'Tecnología', NULL),
	(27, 'Notebooks y PCs', NULL),
	(28, 'Componentes de PC', NULL),
	(29, 'TV y audio', NULL),
	(30, 'Colchones', NULL),
	(31, 'Sommier', NULL),
	(32, 'Muebles', NULL),
	(33, 'Decoración', NULL),
	(34, 'Pinturas', NULL),
	(35, 'Materiales para construcción', NULL),
	(36, 'Ferretería', NULL),
	(37, 'Hogar y jardín', NULL),
	(38, 'Juguetes', NULL),
	(39, 'Artículos escolares', NULL),
	(40, 'Ropa y calzado', NULL),
	(41, 'Calzado deportivo', NULL),
	(42, 'Supermercado', NULL),
	(43, 'Retail', NULL),
	(44, 'Perfumería y limpieza', NULL),
	(45, 'Productos de higiene personal', NULL),
	(46, 'Productos de limpieza', NULL),
	(47, 'Frutas y verduras', NULL),
	(48, 'Panadería', NULL),
	(49, 'Alimentos secos', NULL),
	(50, 'Alimentos enlatados', NULL),
	(51, 'Alimento balanceado para perros', NULL),
	(52, 'Alimento balanceado para gatos', NULL),
	(53, 'Anti parasitario interno/externo', NULL),
	(54, 'Medicamentos', NULL),
	(55, 'Primeros auxilios', NULL),
	(56, 'Verdulería', NULL);

-- Volcando estructura para procedimiento pp3_proyecto.insertar_categorias
DROP PROCEDURE IF EXISTS `insertar_categorias`;
DELIMITER //
CREATE PROCEDURE `insertar_categorias`()
BEGIN
  DECLARE i INT DEFAULT 1;
  WHILE i <= 10000 DO
    INSERT INTO Categorias (nombre, descripcion)
    VALUES (
      CONCAT('Categoria ', LPAD(i, 5, '0')),
      CONCAT('Descripción de la categoría ', i)
    );
    SET i = i + 1;
  END WHILE;
END//
DELIMITER ;

-- Volcando estructura para procedimiento pp3_proyecto.insertar_marcas
DROP PROCEDURE IF EXISTS `insertar_marcas`;
DELIMITER //
CREATE PROCEDURE `insertar_marcas`()
BEGIN
  DECLARE i INT DEFAULT 1;
  WHILE i <= 10000 DO
    INSERT INTO Marcas (nombre)
    VALUES (CONCAT('Marca ', LPAD(i, 5, '0')));
    SET i = i + 1;
  END WHILE;
END//
DELIMITER ;

-- Volcando estructura para procedimiento pp3_proyecto.insertar_productos
DROP PROCEDURE IF EXISTS `insertar_productos`;
DELIMITER //
CREATE PROCEDURE `insertar_productos`()
BEGIN
  DECLARE i INT DEFAULT 1;
  WHILE i <= 10000 DO
    INSERT INTO Productos (
      nombre, descripcion, precio_costo, precio_venta,
      stock, marca_id, categoria_id, codigo_barras
    ) VALUES (
      CONCAT('Producto ', LPAD(i, 5, '0')),
      CONCAT('Descripción del producto ', i),
      ROUND(10 + (RAND() * 90), 2),
      ROUND(100 + (RAND() * 400), 2),
      FLOOR(1 + RAND() * 100),
      FLOOR(1 + RAND() * 10000),
      FLOOR(1 + RAND() * 10000),
      CONCAT('CB', LPAD(i, 10, '0'))
    );
    SET i = i + 1;
  END WHILE;
END//
DELIMITER ;

-- Volcando estructura para tabla pp3_proyecto.marcas
DROP TABLE IF EXISTS `marcas`;
CREATE TABLE IF NOT EXISTS `marcas` (
  `id` int(11) NOT NULL AUTO_INCREMENT,
  `nombre` varchar(255) NOT NULL,
  PRIMARY KEY (`id`),
  UNIQUE KEY `nombre` (`nombre`)
) ENGINE=InnoDB AUTO_INCREMENT=105 DEFAULT CHARSET=utf8mb3 COLLATE=utf8mb3_general_ci;

-- Volcando datos para la tabla pp3_proyecto.marcas: ~77 rows (aproximadamente)
DELETE FROM `marcas`;
INSERT INTO `marcas` (`id`, `nombre`) VALUES
	(1, 'La Serenísima'),
	(2, 'Arcor'),
	(3, 'Molinos Río de la Plata'),
	(4, 'Bagley'),
	(5, 'Terrabusi'),
	(6, 'Sancor'),
	(7, 'Danone Argentina'),
	(8, 'Paladini'),
	(9, 'Noblex'),
	(10, 'Siam'),
	(11, 'Philco Argentina'),
	(12, 'Bambi'),
	(13, 'Havanna'),
	(14, 'Ledesma'),
	(15, 'Tersuave'),
	(16, 'Topper'),
	(17, 'Grido'),
	(18, 'Baggio'),
	(19, 'Newsan'),
	(20, 'Electrodomésticos Liliana'),
	(21, 'Cetrogar'),
	(22, 'Roca'),
	(23, 'Musimundo'),
	(24, 'Muebles Nodari'),
	(25, 'Colchones Cannon'),
	(26, 'Colchones Piero'),
	(27, 'Sommier Center'),
	(28, 'PCBox Argentina'),
	(29, 'Banghó'),
	(30, 'Positivo BGH'),
	(31, 'Acer Argentina'),
	(32, 'Carrefour Argentina'),
	(33, 'Disco'),
	(34, 'Coto'),
	(35, 'Jumbo'),
	(36, 'Easy'),
	(37, 'Sodimac'),
	(38, 'Fric-Rot'),
	(39, 'Sinteplast'),
	(40, 'Rasti'),
	(41, 'Aluar'),
	(42, 'Georgalos'),
	(43, 'Dos Anclas'),
	(44, 'Natura'),
	(45, 'La Virginia'),
	(46, 'Molto'),
	(47, 'Paty'),
	(48, 'Ilolay'),
	(49, 'La Campagnola'),
	(50, 'Hellmann’s'),
	(51, 'Knorr'),
	(52, 'Marolio'),
	(53, 'Exo'),
	(54, 'Ken Brown'),
	(55, 'Eurocase'),
	(56, 'Patrick'),
	(57, 'Drean'),
	(58, 'Orbis'),
	(59, 'Eskabe'),
	(60, 'Mite'),
	(61, 'Fortaleza Muebles'),
	(62, 'Safari'),
	(63, 'Peter Wells'),
	(64, 'Atma'),
	(76, 'Koil'),
	(77, 'Cannon'),
	(78, 'Suavestar'),
	(79, 'Piero'),
	(80, 'Philips'),
	(81, 'Peabody'),
	(82, 'Sanyo'),
	(83, 'Gama'),
	(84, 'Braun'),
	(85, 'Oral-B'),
	(86, 'CX'),
	(99, 'CBSé'),
	(100, 'Manaos'),
	(102, 'Einhell'),
	(103, 'Bosch'),
	(104, 'Plump');

-- Volcando estructura para tabla pp3_proyecto.productos
DROP TABLE IF EXISTS `productos`;
CREATE TABLE IF NOT EXISTS `productos` (
  `id` int(11) NOT NULL AUTO_INCREMENT,
  `nombre` varchar(255) NOT NULL,
  `descripcion` text DEFAULT NULL,
  `precio_costo` decimal(10,2) NOT NULL,
  `precio_venta` decimal(10,2) NOT NULL,
  `stock` int(11) NOT NULL DEFAULT 0,
  `marca_id` int(11) DEFAULT NULL,
  `categoria_id` int(11) DEFAULT NULL,
  `codigo_barras` varchar(50) DEFAULT NULL,
  `fecha_alta` timestamp NULL DEFAULT current_timestamp(),
  PRIMARY KEY (`id`),
  UNIQUE KEY `codigo_barras` (`codigo_barras`),
  KEY `fk_productos_marcas` (`marca_id`),
  KEY `fk_productos_categorias` (`categoria_id`),
  CONSTRAINT `fk_productos_categorias` FOREIGN KEY (`categoria_id`) REFERENCES `categorias` (`id`),
  CONSTRAINT `fk_productos_marcas` FOREIGN KEY (`marca_id`) REFERENCES `marcas` (`id`)
) ENGINE=InnoDB AUTO_INCREMENT=1507 DEFAULT CHARSET=utf8mb3 COLLATE=utf8mb3_general_ci;

-- Volcando datos para la tabla pp3_proyecto.productos: ~393 rows (aproximadamente)
DELETE FROM `productos`;
INSERT INTO `productos` (`id`, `nombre`, `descripcion`, `precio_costo`, `precio_venta`, `stock`, `marca_id`, `categoria_id`, `codigo_barras`, `fecha_alta`) VALUES
	(2, 'Yerba Mate Marolio', 'Yerba mate elaborada tradicional', 80.00, 120.00, 200, 52, 23, '779123456002', '2025-05-25 21:13:28'),
	(3, 'Salame Paladini', 'Salame tipo milán de Paladini', 150.00, 200.00, 50, 8, 14, '779123456003', '2025-05-25 21:13:28'),
	(4, 'Dulce de Leche La Serenísima', 'Dulce de leche clásico', 100.00, 150.00, 80, 1, 4, '779123456004', '2025-05-25 21:13:28'),
	(5, 'Aceite de Girasol Natura', 'Aceite de girasol 1L', 90.00, 130.00, 120, 42, 16, '779123456005', '2025-05-25 21:13:28'),
	(6, 'Notebook Banghó Max', 'Notebook Banghó con procesador Intel i5', 50000.00, 65000.00, 30, 29, 26, '779123456006', '2025-05-25 21:13:28'),
	(7, 'PC de Escritorio EXO', 'Computadora de escritorio EXO básica', 40000.00, 55000.00, 25, 53, 26, '779123456007', '2025-05-25 21:13:28'),
	(8, 'All in One Ken Brown', 'Computadora All in One Ken Brown 21"', 45000.00, 60000.00, 20, 54, 26, '779123456008', '2025-05-25 21:13:28'),
	(9, 'Tablet CX', 'Tablet CX de 10 pulgadas', 30000.00, 40000.00, 40, 86, 26, '779123456009', '2025-05-25 21:13:28'),
	(10, 'Monitor Eurocase 24"', 'Monitor LED Eurocase de 24 pulgadas', 20000.00, 27000.00, 35, 55, 26, '779123456010', '2025-05-25 21:13:28'),
	(11, 'Heladera Patrick 320L', 'Heladera Patrick con freezer superior', 60000.00, 75000.00, 15, 56, 24, '779123456011', '2025-05-25 21:13:28'),
	(12, 'Lavarropas Drean Next 6.06', 'Lavarropas automático Drean 6kg', 55000.00, 70000.00, 10, 57, 24, '779123456012', '2025-05-25 21:13:28'),
	(13, 'Cocina Orbis 4 Hornallas', 'Cocina a gas Orbis con horno', 50000.00, 65000.00, 12, 58, 24, '779123456013', '2025-05-25 21:13:28'),
	(14, 'Estufa Eskabe TB 5000', 'Estufa a gas Eskabe tiro balanceado 5000 kcal', 25000.00, 32000.00, 18, 59, 24, '779123456014', '2025-05-25 21:13:28'),
	(15, 'Aire Acondicionado BGH 3000W', 'Aire acondicionado BGH frío/calor 3000W', 45000.00, 60000.00, 8, 30, 24, '779123456015', '2025-05-25 21:13:28'),
	(16, 'Silla de Oficina Mite', 'Silla ergonómica para oficina marca Mite', 8000.00, 12000.00, 20, 60, 32, '779123456016', '2025-05-25 21:13:28'),
	(17, 'Escritorio Genoud', 'Escritorio de madera para computadora', 10000.00, 15000.00, 10, 61, 32, '779123456017', '2025-05-25 21:13:28'),
	(18, 'Mesa de Comedor Peter Wells', 'Mesa de comedor para 6 personas', 15000.00, 20000.00, 5, 63, 32, '779123456018', '2025-05-25 21:13:28'),
	(19, 'Sillón Safari', 'Sillón de 2 cuerpos tapizado', 12000.00, 18000.00, 7, 62, 32, '779123456019', '2025-05-25 21:13:28'),
	(20, 'Biblioteca Seis Mobiliario', 'Biblioteca de madera con 5 estantes', 9000.00, 13000.00, 9, 61, 32, '779123456020', '2025-05-25 21:13:28'),
	(21, 'Colchón King Koil 2 Plazas', 'Colchón de resortes 2 plazas', 20000.00, 25000.00, 6, 76, 30, '779123456021', '2025-05-25 21:13:28'),
	(22, 'Somier Piero 1 Plaza', 'Somier de 1 plaza con colchón', 15000.00, 20000.00, 8, 23, 31, '779123456022', '2025-05-25 21:13:28'),
	(23, 'Colchón Cannon 2 Plazas', 'Colchón espuma alta densidad', 18000.00, 23000.00, 5, 24, 30, '779123456023', '2025-05-25 21:13:28'),
	(24, 'Somier Suavestar Queen', 'Somier Queen con base y colchón', 22000.00, 28000.00, 4, 78, 31, '779123456024', '2025-05-25 21:13:28'),
	(25, 'Colchón La Cardeuse 1 Plaza', 'Colchón de espuma 1 plaza', 12000.00, 16000.00, 10, 79, 30, '779123456025', '2025-05-25 21:13:28'),
	(26, 'Licuadora Atma 600W', 'Licuadora de 600W con vaso de vidrio', 5000.00, 7000.00, 15, 64, 25, '779123456026', '2025-05-25 21:13:28'),
	(27, 'Tostadora Liliana 2 Rebanadas', 'Tostadora eléctrica para 2 rebanadas', 3000.00, 4500.00, 20, 20, 25, '779123456027', '2025-05-25 21:13:28'),
	(28, 'Cafetera Philips 1L', 'Cafetera eléctrica de 1 litro', 4000.00, 6000.00, 12, 80, 25, '779123456028', '2025-05-25 21:13:28'),
	(29, 'Batidora Peabody 300W', 'Batidora de mano 300W', 3500.00, 5000.00, 18, 81, 25, '779123456029', '2025-05-25 21:13:28'),
	(30, 'Microondas Sanyo 20L', 'Microondas digital de 20 litros', 8000.00, 10000.00, 10, 82, 25, '779123456030', '2025-05-25 21:13:28'),
	(31, 'Secador de Pelo Gama 2000W', 'Secador de pelo profesional 2000W', 4000.00, 5500.00, 25, 83, 42, '779123456031', '2025-05-25 21:13:28'),
	(32, 'Plancha de Pelo Philips', 'Plancha alisadora de cerámica', 3500.00, 5000.00, 20, 80, 42, '779123456032', '2025-05-25 21:13:28'),
	(33, 'Afeitadora Eléctrica Braun', 'Afeitadora recargable', 6000.00, 8000.00, 15, 84, 42, '779123456033', '2025-05-25 21:13:28'),
	(34, 'Depiladora Philips Satinelle', 'Depiladora eléctrica compacta', 4500.00, 6000.00, 18, 80, 42, '779123456034', '2025-05-25 21:13:28'),
	(35, 'Cepillo Eléctrico Oral-B', 'Cepillo dental eléctrico recargable', 3000.00, 4500.00, 22, 85, 42, '779123456035', '2025-05-25 21:13:28'),
	(46, 'Galletitas Chocolinas Bagley', 'Galletitas de chocolate clásicas de Bagley', 120.00, 160.00, 50, 4, 5, '779500002001', '2025-05-25 21:28:55'),
	(47, 'Galletitas Opera Bagley', 'Galletitas rellenas sabor vainilla', 135.00, 180.00, 60, 3, 5, '779500002002', '2025-05-25 21:28:55'),
	(48, 'Galletitas Rex Bagley', 'Galletitas crocantes ideales para el desayuno', 110.00, 150.00, 80, 3, 5, '779500002003', '2025-05-25 21:28:55'),
	(49, 'Galletitas Diversión Bagley', 'Con formas divertidas y sabor a vainilla', 140.00, 185.00, 40, 3, 5, '779500002004', '2025-05-25 21:28:55'),
	(50, 'Galletitas Manón Bagley', 'Clásicas galletitas dulces sabor vainilla', 125.00, 170.00, 70, 3, 5, '779500002005', '2025-05-25 21:28:55'),
	(51, 'Galletitas Mini Diversión Bagley', 'Mini galletitas dulces para llevar', 100.00, 135.00, 90, 3, 5, '779500002006', '2025-05-25 21:28:55'),
	(52, 'Galletitas Tentación Bagley', 'Rellenas con crema de chocolate', 145.00, 190.00, 35, 3, 5, '779500002007', '2025-05-25 21:28:55'),
	(53, 'Galletitas Mellizas Bagley', 'Rellenas con dulce de leche', 130.00, 175.00, 45, 3, 5, '779500002008', '2025-05-25 21:28:55'),
	(54, 'Galletitas Variedad Familiar Bagley', 'Mix de galletitas dulces y saladas', 180.00, 240.00, 30, 3, 5, '779500002009', '2025-05-25 21:28:55'),
	(55, 'Galletitas Arroz Bagley', 'Galletitas livianas a base de arroz', 115.00, 155.00, 65, 3, 5, '779500002010', '2025-05-25 21:28:55'),
	(106, 'Yerba Mate Taragüi 1kg', 'Yerba mate tradicional Taragüi', 500.00, 800.00, 150, 99, 23, '779123450001', '2025-06-11 22:35:24'),
	(107, 'Yerba Mate Taragüi Suave 1kg', 'Yerba mate suave Taragüi', 500.00, 800.00, 120, 99, 23, '779123450002', '2025-06-11 22:35:24'),
	(108, 'Bon o Bon x10', 'Bombones Bon o Bon Arcor', 200.00, 320.00, 200, 3, 7, '779123450003', '2025-06-11 22:35:24'),
	(109, 'Dulce de Leche Marolio 400g', 'Dulce de leche cremoso Marolio', 250.00, 380.00, 180, 8, 4, '779123450004', '2025-06-11 22:35:24'),
	(110, 'Manteca La Serenísima 200g', 'Manteca tradicional', 150.00, 230.00, 140, 1, 1, '779123450005', '2025-06-11 22:35:24'),
	(111, 'Queso Sancor sardo 300g', 'Queso sardo firme', 300.00, 450.00, 100, 6, 2, '779123450006', '2025-06-11 22:35:24'),
	(112, 'Leche Ilolay UAT 1L', 'Leche larga vida entera', 180.00, 270.00, 160, 48, 1, '779123450007', '2025-06-11 22:35:24'),
	(113, 'Helado Havanna 1L', 'Helado crema cookies', 350.00, 520.00, 90, 13, 4, '779123450008', '2025-06-11 22:35:24'),
	(114, 'Galletitas Chocolinas Bagley', 'Galletitas chocolate', 120.00, 160.00, 200, 3, 5, '779123450009', '2025-06-11 22:35:24'),
	(116, 'Arroz Gallo Perdigón 1kg', 'Arroz redondo', 200.00, 280.00, 130, 3, 20, '779123450011', '2025-06-11 22:35:24'),
	(117, 'Fideos Matarazzo 500g', 'Spaghetti tradicionales', 150.00, 230.00, 140, 3, 19, '779123450012', '2025-06-11 22:35:24'),
	(118, 'Aceite de Girasol Natura 1L', 'Aceite de girasol puro', 220.00, 320.00, 150, 42, 16, '779123450013', '2025-06-11 22:35:24'),
	(119, 'Mayonesa Hellmann\'s 475g', 'Mayonesa clásica', 250.00, 360.00, 140, 50, 17, '779123450014', '2025-06-11 22:35:24'),
	(120, 'Ketchup Knorr 500g', 'Salsa ketchup', 200.00, 290.00, 130, 51, 18, '779123450015', '2025-06-11 22:35:24'),
	(121, 'Atún La Campagnola 170g', 'Atún en agua', 180.00, 260.00, 110, 49, 9, '779123450016', '2025-06-11 22:35:24'),
	(122, 'Leche en polvo La Serenísima 400g', 'Leche en polvo instantánea', 300.00, 420.00, 120, 1, 1, '779123450017', '2025-06-11 22:35:24'),
	(123, 'Café La Virginia 250g', 'Café molido tradicional', 280.00, 400.00, 140, 45, 22, '779123450018', '2025-06-11 22:35:24'),
	(124, 'Yerba Mate Amanda 500g', 'Yerba tradicional Amanda', 260.00, 370.00, 130, 5, 23, '779123450019', '2025-06-11 22:35:24'),
	(125, 'Yerba Mate Playadito 1kg', 'Yerba con palo', 480.00, 700.00, 120, 5, 23, '779123450020', '2025-06-11 22:35:24'),
	(126, 'Agua Manaos 2L', 'Agua mineral Manaos', 100.00, 150.00, 200, 100, 11, '779123450021', '2025-06-11 22:35:24'),
	(127, 'Manaos Pomelo 2L', 'Gaseosa sabor pomelo', 200.00, 290.00, 180, 100, 11, '779123450022', '2025-06-11 22:35:24'),
	(128, 'Cunnington Tónica 1.5L', 'Gaseosa tónica Cunnington', 200.00, 300.00, 160, 31, 11, '779123450023', '2025-06-11 22:35:24'),
	(129, 'Fernet Branca 750ml', 'Fernet clásico', 750.00, 1100.00, 80, 32, 11, '779123450024', '2025-06-11 22:35:24'),
	(130, 'Coca-Cola 2.25L', 'Gaseosa Coca‑Cola', 400.00, 650.00, 150, 33, 11, '779123450025', '2025-06-11 22:35:24'),
	(131, 'Gaseosa Sprite 2.25L', 'Gaseosa Sprite', 380.00, 620.00, 140, 33, 11, '779123450026', '2025-06-11 22:35:24'),
	(132, 'Pizza Fugazzeta Don Satur 500g', 'Pizza congelada clásica', 600.00, 850.00, 100, 34, 15, '779123450027', '2025-06-11 22:35:24'),
	(133, 'Natilla Arcor Chocolate 170g', 'Postre lácteo', 220.00, 330.00, 160, 3, 4, '779123450028', '2025-06-11 22:35:24'),
	(134, 'Yogurísimo Saborizado 125g', 'Yogur bebible', 100.00, 150.00, 200, 5, 3, '779123450029', '2025-06-11 22:35:24'),
	(135, 'Jugo Cepita Naranja 1L', 'Jugo de naranja exprimido', 180.00, 260.00, 140, 64, 10, '779123450030', '2025-06-11 22:35:24'),
	(136, 'Arvejas Marolio 400g', 'Arvejas marca Marolio', 160.00, 240.00, 120, 52, 9, '779123450031', '2025-06-11 22:35:24'),
	(137, 'Harina Pureza 0000 1kg', 'Harina para pastel', 120.00, 180.00, 200, 8, 42, '779123450032', '2025-06-11 22:35:24'),
	(138, 'Azúcar Ledesma 1kg', 'Azúcar blanca', 140.00, 200.00, 180, 14, 42, '779123450033', '2025-06-11 22:35:24'),
	(139, 'Yerba Mate Cruz de Malta 1kg', 'Yerba tradicional', 480.00, 700.00, 130, 5, 23, '779123450034', '2025-06-11 22:35:24'),
	(140, 'Leche Chocolatada Ilolay 1L', 'Leche sabor chocolate', 200.00, 300.00, 150, 48, 1, '779123450035', '2025-06-11 22:35:24'),
	(141, 'Queso Cremón La Serenísima 300g', 'Queso cremoso para picada', 320.00, 460.00, 110, 1, 2, '779123450036', '2025-06-11 22:35:24'),
	(142, 'Jugo Levité Pomelo 1.5L', 'Bebida saborizada', 180.00, 270.00, 140, 30, 10, '779123450037', '2025-06-11 22:35:24'),
	(143, 'Yerba Mate CBSé Pomelo 500g', 'Yerba saborizada', 260.00, 380.00, 120, 5, 23, '779123450038', '2025-06-11 22:35:24'),
	(144, 'Yerba Mate CBSé Energy 500g', 'Yerba con energía', 260.00, 380.00, 110, 5, 23, '779123450039', '2025-06-11 22:35:24'),
	(145, 'Harina Morixe 000 1kg', 'Harina común', 120.00, 180.00, 170, 8, 42, '779123450040', '2025-06-11 22:35:24'),
	(146, 'Papel Higiénico Elite 6 unid', 'Pack papel higiénico', 400.00, 600.00, 200, 45, 46, '779123450041', '2025-06-11 22:35:24'),
	(147, 'Detergente Ala Matic 1.5L', 'Detergente líquido concentrado', 600.00, 900.00, 120, 45, 46, '779123450042', '2025-06-11 22:35:24'),
	(148, 'Shampoo Sedal 360ml', 'Shampoo nutrición', 350.00, 520.00, 140, 45, 45, '779123450043', '2025-06-11 22:35:24'),
	(149, 'Crema Dental Colgate Total 90g', 'Pasta dental antiplaca', 300.00, 450.00, 150, 9, 45, '779123450044', '2025-06-11 22:35:24'),
	(150, 'Jugo Tang Naranja 500g', 'Bebida en polvo sabor naranja', 150.00, 220.00, 160, 45, 12, '779123450045', '2025-06-11 22:35:24'),
	(151, 'Yerba Mate Playadito Suave 500g', 'Yerba saborizada suave', 260.00, 370.00, 130, 5, 23, '779123450046', '2025-06-11 22:35:24'),
	(152, 'Aceite Lira Girasol 1L', 'Aceite girasol marca Lira', 210.00, 310.00, 140, 8, 16, '779123450047', '2025-06-11 22:35:24'),
	(153, 'Gaseosa Manaos Cola 2L', 'Refresco cola económico', 200.00, 290.00, 180, 100, 11, '779123450048', '2025-06-11 22:35:24'),
	(154, 'Yerba Mate Nobleza Gaucha 1kg', 'Yerba tradicional', 470.00, 680.00, 120, 5, 23, '779123450049', '2025-06-11 22:35:24'),
	(155, 'Yerba Mate Amanda Suave 500g', 'Yerba suave en bolsa', 260.00, 370.00, 110, 5, 23, '779123450050', '2025-06-11 22:35:24'),
	(156, 'Crema de leche La Serenísima 200ml', 'Crema de leche entera pasteurizada ideal para cocina y postres.', 250.00, 350.00, 100, 1, 1, NULL, '2025-06-23 05:11:47'),
	(157, 'Puré de Tomate Molto 520g', 'Puré de tomate tradicional', 85.00, 120.00, 100, 46, 15, '779800001001', '2025-07-02 22:02:54'),
	(158, 'Lentejas Molto 400g', 'Lentejas cocidas listas para consumir', 90.00, 130.00, 80, 46, 2, '779800001002', '2025-07-02 22:02:54'),
	(159, 'Garbanzos Molto 400g', 'Garbanzos cocidos al natural', 95.00, 135.00, 70, 46, 2, '779800001003', '2025-07-02 22:02:54'),
	(160, 'Choclo en Grano Molto 300g', 'Choclo amarillo en lata', 88.00, 125.00, 85, 46, 2, '779800001004', '2025-07-02 22:02:54'),
	(161, 'Arvejas Molto 300g', 'Arvejas verdes al natural', 87.00, 122.00, 90, 46, 2, '779800001005', '2025-07-02 22:02:54'),
	(162, 'Salsa Lista Molto Tradicional 340g', 'Salsa lista con tomates seleccionados', 75.00, 110.00, 95, 46, 15, '779800001006', '2025-07-02 22:02:54'),
	(163, 'Salsa Bolognesa Molto 340g', 'Salsa con carne picada', 98.00, 145.00, 60, 46, 15, '779800001007', '2025-07-02 22:02:54'),
	(164, 'Salsa Fileto Molto 340g', 'Salsa de tomate con cebolla', 92.00, 135.00, 70, 46, 15, '779800001008', '2025-07-02 22:02:54'),
	(165, 'Salsa Napolitana Molto 340g', 'Salsa con tomate y ajo', 90.00, 130.00, 85, 46, 15, '779800001009', '2025-07-02 22:02:54'),
	(166, 'Salsa Cuatro Quesos Molto 340g', 'Salsa con mix de quesos', 110.00, 160.00, 40, 46, 15, '779800001010', '2025-07-02 22:02:54'),
	(167, 'Fideos Spaghetti Molto 500g', 'Pasta seca tipo spaghetti', 65.00, 95.00, 120, 46, 6, '779800001011', '2025-07-02 22:02:54'),
	(168, 'Fideos Mostachol Molto 500g', 'Pasta corta tipo mostachol', 65.00, 95.00, 100, 46, 6, '779800001012', '2025-07-02 22:02:54'),
	(169, 'Fideos Tirabuzón Molto 500g', 'Pasta en forma de espiral', 65.00, 95.00, 110, 46, 6, '779800001013', '2025-07-02 22:02:54'),
	(170, 'Fideos Rigatti Molto 500g', 'Pasta tipo rigatti', 65.00, 95.00, 105, 46, 6, '779800001014', '2025-07-02 22:02:54'),
	(171, 'Fideos Codito Molto 500g', 'Pasta tipo codito', 65.00, 95.00, 115, 46, 6, '779800001015', '2025-07-02 22:02:54'),
	(172, 'Fideos Cinta Molto 500g', 'Pasta tipo cinta ancha', 68.00, 100.00, 90, 46, 6, '779800001016', '2025-07-02 22:02:54'),
	(173, 'Fideos Ñoquis Molto 500g', 'Pasta tipo ñoquis secos', 70.00, 105.00, 85, 46, 6, '779800001017', '2025-07-02 22:02:54'),
	(174, 'Fideos con Vegetales Molto 500g', 'Pasta con vegetales deshidratados', 72.00, 110.00, 75, 46, 6, '779800001018', '2025-07-02 22:02:54'),
	(175, 'Fideos Integrales Molto 500g', 'Pasta integral', 78.00, 115.00, 60, 46, 6, '779800001019', '2025-07-02 22:02:54'),
	(176, 'Fideos Sin Gluten Molto 300g', 'Pasta libre de gluten', 90.00, 130.00, 50, 46, 6, '779800001020', '2025-07-02 22:02:54'),
	(177, 'Tomates Perita Molto 400g', 'Tomates perita pelados enteros', 100.00, 140.00, 95, 46, 2, '779800001021', '2025-07-02 22:02:54'),
	(178, 'Chauchas Molto 300g', 'Chauchas verdes en conserva', 93.00, 130.00, 60, 46, 2, '779800001022', '2025-07-02 22:02:54'),
	(179, 'Remolachas Molto 300g', 'Remolachas en rodajas', 92.00, 128.00, 55, 46, 2, '779800001023', '2025-07-02 22:02:54'),
	(180, 'Zanahorias Molto 300g', 'Zanahorias en conserva', 89.00, 125.00, 58, 46, 2, '779800001024', '2025-07-02 22:02:54'),
	(181, 'Mix de Vegetales Molto 300g', 'Ensalada primavera', 100.00, 140.00, 45, 46, 2, '779800001025', '2025-07-02 22:02:54'),
	(182, 'Dulce de Batata Molto 500g', 'Dulce de batata clásico', 95.00, 135.00, 70, 46, 4, '779800001026', '2025-07-02 22:02:54'),
	(183, 'Dulce de Membrillo Molto 500g', 'Dulce de membrillo clásico', 95.00, 135.00, 68, 46, 4, '779800001027', '2025-07-02 22:02:54'),
	(184, 'Dulce Mixto Molto 500g', 'Mitad batata, mitad membrillo', 98.00, 138.00, 60, 46, 4, '779800001028', '2025-07-02 22:02:54'),
	(185, 'Duraznos en Almíbar Molto 820g', 'Duraznos amarillos en almíbar', 120.00, 160.00, 50, 46, 4, '779800001029', '2025-07-02 22:02:54'),
	(186, 'Peras en Almíbar Molto 820g', 'Peras en mitades', 120.00, 160.00, 52, 46, 4, '779800001030', '2025-07-02 22:02:54'),
	(187, 'Chimichurri Molto 200ml', 'Salsa clásica para carnes', 65.00, 95.00, 75, 46, 15, '779800001031', '2025-07-02 22:02:54'),
	(188, 'Salsa Criolla Molto 200ml', 'Salsa típica argentina', 65.00, 95.00, 78, 46, 15, '779800001032', '2025-07-02 22:02:54'),
	(189, 'Aceitunas Verdes Molto 300g', 'Aceitunas descarozadas', 115.00, 155.00, 65, 46, 2, '779800001033', '2025-07-02 22:02:54'),
	(190, 'Aceitunas Negras Molto 300g', 'Aceitunas negras en salmuera', 118.00, 158.00, 60, 46, 2, '779800001034', '2025-07-02 22:02:54'),
	(191, 'Pickles Molto 300g', 'Pickles en vinagre', 110.00, 150.00, 55, 46, 2, '779800001035', '2025-07-02 22:02:54'),
	(192, 'Alubias Molto 400g', 'Porotos alubias cocidos', 94.00, 132.00, 70, 46, 2, '779800001036', '2025-07-02 22:02:54'),
	(193, 'Porotos Negros Molto 400g', 'Porotos negros cocidos', 94.00, 132.00, 68, 46, 2, '779800001037', '2025-07-02 22:02:54'),
	(194, 'Harina de Maíz Molto 1kg', 'Harina de maíz para polenta', 120.00, 150.00, 85, 46, 1, '779800001038', '2025-07-02 22:02:54'),
	(195, 'Polenta Lista Molto 500g', 'Polenta instantánea', 90.00, 130.00, 100, 46, 1, '779800001039', '2025-07-02 22:02:54'),
	(196, 'Arroz Largo Fino Molto 1kg', 'Arroz blanco largo fino', 140.00, 180.00, 90, 46, 1, '779800001040', '2025-07-02 22:02:54'),
	(197, 'Sémola Molto 500g', 'Sémola de trigo para preparar postres', 80.00, 115.00, 95, 46, 1, '779800001041', '2025-07-02 22:02:54'),
	(198, 'Cereales Molto Mix 300g', 'Cereales con frutos secos', 150.00, 200.00, 40, 46, 1, '779800001042', '2025-07-02 22:02:54'),
	(199, 'Pan Rallado Molto 500g', 'Pan rallado clásico', 85.00, 120.00, 120, 46, 1, '779800001043', '2025-07-02 22:02:54'),
	(200, 'Rebozador Molto 500g', 'Rebozador saborizado', 88.00, 125.00, 110, 46, 1, '779800001044', '2025-07-02 22:02:54'),
	(201, 'Salsa Picante Molto 150ml', 'Salsa picante tipo mexicana', 100.00, 140.00, 30, 46, 15, '779800001045', '2025-07-02 22:02:54'),
	(202, 'Mayonesa Molto 500g', 'Mayonesa tradicional', 120.00, 165.00, 50, 46, 15, '779800001046', '2025-07-02 22:02:54'),
	(203, 'Ketchup Molto 500g', 'Ketchup con sabor a tomate maduro', 115.00, 160.00, 55, 46, 15, '779800001047', '2025-07-02 22:02:54'),
	(204, 'Mostaza Molto 500g', 'Mostaza suave', 110.00, 150.00, 65, 46, 15, '779800001048', '2025-07-02 22:02:54'),
	(205, 'Fideos Lasagna Molto 500g', 'Láminas para lasagna', 75.00, 110.00, 70, 46, 6, '779800001049', '2025-07-02 22:02:54'),
	(206, 'Ravioles Secos Molto 500g', 'Pasta rellena deshidratada', 130.00, 175.00, 40, 46, 6, '779800001050', '2025-07-02 22:02:54'),
	(257, 'Leche Entera La Serenísima 1L', 'Leche entera larga vida', 130.00, 180.00, 150, 1, 7, '779100000001', '2025-07-02 22:17:51'),
	(258, 'Leche Descremada La Serenísima 1L', 'Leche descremada larga vida', 125.00, 175.00, 130, 1, 7, '779100000002', '2025-07-02 22:17:51'),
	(259, 'Leche Parcialmente Descremada La Serenísima 1L', 'Leche parcialmente descremada', 128.00, 178.00, 140, 1, 7, '779100000003', '2025-07-02 22:17:51'),
	(260, 'Leche Chocolatada La Serenísima 1L', 'Leche sabor chocolate', 140.00, 190.00, 100, 1, 7, '779100000004', '2025-07-02 22:17:51'),
	(261, 'Leche Infantil La Serenísima 1L', 'Leche especial para niños', 170.00, 220.00, 80, 1, 7, '779100000005', '2025-07-02 22:17:51'),
	(262, 'Yogur Bebible Frutilla 1L', 'Yogur bebible sabor frutilla', 160.00, 210.00, 120, 1, 7, '779100000006', '2025-07-02 22:17:51'),
	(263, 'Yogur Bebible Vainilla 1L', 'Yogur bebible sabor vainilla', 160.00, 210.00, 115, 1, 7, '779100000007', '2025-07-02 22:17:51'),
	(264, 'Yogur Bebible Durazno 1L', 'Yogur bebible sabor durazno', 160.00, 210.00, 115, 1, 7, '779100000008', '2025-07-02 22:17:51'),
	(265, 'Yogur Bebible Multifruta 1L', 'Yogur con sabores combinados', 165.00, 215.00, 100, 1, 7, '779100000009', '2025-07-02 22:17:51'),
	(266, 'Yogur Natural 1kg', 'Yogur natural sin sabor', 170.00, 225.00, 90, 1, 7, '779100000010', '2025-07-02 22:17:51'),
	(267, 'Queso Cremoso La Serenísima 500g', 'Queso fresco tradicional', 450.00, 600.00, 60, 1, 7, '779100000011', '2025-07-02 22:17:51'),
	(268, 'Queso Port Salut La Serenísima 500g', 'Queso semiduro suave', 470.00, 620.00, 55, 1, 7, '779100000012', '2025-07-02 22:17:51'),
	(269, 'Queso Muzzarella La Serenísima 500g', 'Queso para pizza', 480.00, 630.00, 70, 1, 7, '779100000013', '2025-07-02 22:17:51'),
	(270, 'Queso Rallado La Serenísima 100g', 'Queso rallado natural', 150.00, 200.00, 85, 1, 7, '779100000014', '2025-07-02 22:17:51'),
	(272, 'Manteca sin sal La Serenísima 200g', 'Manteca sin sal', 210.00, 280.00, 95, 1, 7, '779100000016', '2025-07-02 22:17:51'),
	(273, 'Crema de Leche 200ml', 'Crema líquida para cocinar', 160.00, 220.00, 90, 1, 7, '779100000017', '2025-07-02 22:17:51'),
	(274, 'Crema Doble La Serenísima 200ml', 'Crema con mayor tenor graso', 180.00, 240.00, 80, 1, 7, '779100000018', '2025-07-02 22:17:51'),
	(275, 'Dulce de Leche Clásico 400g', 'Dulce de leche clásico argentino', 220.00, 290.00, 75, 1, 4, '779100000019', '2025-07-02 22:17:51'),
	(276, 'Dulce de Leche Repostero 400g', 'Dulce de leche más espeso', 230.00, 300.00, 70, 1, 4, '779100000020', '2025-07-02 22:17:51'),
	(277, 'Flan de Vainilla 120g', 'Postre de vainilla listo para servir', 90.00, 120.00, 100, 1, 4, '779100000021', '2025-07-02 22:17:51'),
	(278, 'Flan de Dulce de Leche 120g', 'Postre individual', 95.00, 130.00, 90, 1, 4, '779100000022', '2025-07-02 22:17:51'),
	(279, 'Postre Chocolatada 120g', 'Postre lácteo con sabor chocolate', 95.00, 130.00, 85, 1, 4, '779100000023', '2025-07-02 22:17:51'),
	(280, 'Postre Frutilla 120g', 'Postre lácteo sabor frutilla', 95.00, 130.00, 85, 1, 4, '779100000024', '2025-07-02 22:17:51'),
	(281, 'Leche en Polvo Entera 400g', 'Leche entera en polvo', 400.00, 550.00, 50, 1, 1, '779100000025', '2025-07-02 22:17:51'),
	(282, 'Leche en Polvo Descremada 400g', 'Leche descremada en polvo', 390.00, 540.00, 55, 1, 1, '779100000026', '2025-07-02 22:17:51'),
	(283, 'Queso Untable Clásico 290g', 'Queso crema para untar', 210.00, 280.00, 60, 1, 7, '779100000027', '2025-07-02 22:17:51'),
	(284, 'Queso Untable Light 290g', 'Queso crema bajo en calorías', 215.00, 285.00, 55, 1, 7, '779100000028', '2025-07-02 22:17:51'),
	(285, 'Yogur con Cereal Frutilla 160g', 'Yogur con granola y frutas', 110.00, 150.00, 80, 1, 7, '779100000029', '2025-07-02 22:17:51'),
	(286, 'Yogur con Cereal Vainilla 160g', 'Yogur con crocante', 110.00, 150.00, 85, 1, 7, '779100000030', '2025-07-02 22:17:51'),
	(287, 'Postre de Banana Split 120g', 'Postre lácteo sabor banana/chocolate', 98.00, 135.00, 70, 1, 4, '779100000031', '2025-07-02 22:17:51'),
	(288, 'Flan Light La Serenísima 120g', 'Postre bajo en calorías', 95.00, 130.00, 75, 1, 4, '779100000032', '2025-07-02 22:17:51'),
	(289, 'Yogur Pro Vital 1L', 'Yogur con probióticos', 165.00, 220.00, 60, 1, 42, '779100000033', '2025-07-02 22:17:51'),
	(290, 'Yogur Pro Vital Bebible 1L', 'Yogur funcional líquido', 165.00, 220.00, 65, 1, 42, '779100000034', '2025-07-02 22:17:51'),
	(291, 'Leche UAT Sin Lactosa 1L', 'Leche deslactosada larga vida', 145.00, 190.00, 75, 1, 7, '779100000035', '2025-07-02 22:17:51'),
	(292, 'Queso Finlandia 290g', 'Queso untable especial', 250.00, 310.00, 50, 1, 7, '779100000036', '2025-07-02 22:17:51'),
	(293, 'Queso Barra La Serenísima 300g', 'Queso tipo barra semiduro', 280.00, 340.00, 45, 1, 7, '779100000037', '2025-07-02 22:17:51'),
	(294, 'Yogur Griego Natural 150g', 'Yogur griego sin sabor', 125.00, 160.00, 85, 1, 7, '779100000038', '2025-07-02 22:17:51'),
	(295, 'Yogur Griego Frutilla 150g', 'Yogur griego saborizado', 125.00, 160.00, 80, 1, 7, '779100000039', '2025-07-02 22:17:51'),
	(296, 'Yogur Griego Arándanos 150g', 'Yogur griego con arándanos', 125.00, 160.00, 78, 1, 7, '779100000040', '2025-07-02 22:17:51'),
	(297, 'Leche Orgánica 1L', 'Leche de producción orgánica', 160.00, 210.00, 60, 1, 7, '779100000041', '2025-07-02 22:17:51'),
	(298, 'Yogur Bebible Sin Azúcar 1L', 'Yogur sin azúcar agregada', 160.00, 210.00, 65, 1, 7, '779100000042', '2025-07-02 22:17:51'),
	(299, 'Manteca Clarificada 200g', 'Ghee natural', 250.00, 330.00, 30, 1, 7, '779100000043', '2025-07-02 22:17:51'),
	(300, 'Queso Azul 150g', 'Queso de moho azul', 300.00, 380.00, 20, 1, 7, '779100000044', '2025-07-02 22:17:51'),
	(301, 'Yogur Kids Frutilla 100g', 'Yogur para niños', 85.00, 110.00, 90, 1, 7, '779100000045', '2025-07-02 22:17:51'),
	(302, 'Yogur Kids Banana 100g', 'Yogur infantil sabor banana', 85.00, 110.00, 88, 1, 7, '779100000046', '2025-07-02 22:17:51'),
	(303, 'Crema Chantilly 200ml', 'Crema lista para batir', 170.00, 225.00, 40, 1, 4, '779100000047', '2025-07-02 22:17:51'),
	(304, 'Postre Clásico Vainilla-Chocolate 120g', 'Combinación de sabores', 95.00, 130.00, 70, 1, 4, '779100000048', '2025-07-02 22:17:51'),
	(305, 'Flan Familiar 500g', 'Flan tamaño familiar', 180.00, 240.00, 45, 1, 4, '779100000049', '2025-07-02 22:17:51'),
	(306, 'Postre Familiar Chocolate 500g', 'Postre lácteo tamaño familiar', 185.00, 250.00, 40, 1, 4, '779100000050', '2025-07-02 22:17:51'),
	(357, 'Galletitas Chocolinas Terrabusi 150g', 'Galletitas de chocolate clásicas', 130.00, 180.00, 100, 5, 5, '779200000001', '2025-07-02 23:10:55'),
	(358, 'Galletitas Lincoln Terrabusi 200g', 'Galletitas dulces sabor vainilla', 125.00, 175.00, 90, 5, 5, '779200000002', '2025-07-02 23:10:55'),
	(359, 'Galletitas Variedad Terrabusi 300g', 'Mix de galletitas clásicas', 150.00, 200.00, 80, 5, 5, '779200000003', '2025-07-02 23:10:55'),
	(360, 'Galletitas Sonrisas Terrabusi 150g', 'Rellenas con crema sabor frutilla', 135.00, 185.00, 85, 5, 5, '779200000004', '2025-07-02 23:10:55'),
	(361, 'Galletitas Mini Lincoln 100g', 'Versión mini de Lincoln', 110.00, 150.00, 95, 5, 5, '779200000005', '2025-07-02 23:10:55'),
	(362, 'Galletitas Express Terrabusi 130g', 'Saladas tipo cracker', 120.00, 160.00, 80, 5, 5, '779200000006', '2025-07-02 23:10:55'),
	(363, 'Galletitas Frutigran Terrabusi 250g', 'Con avena y frutas', 170.00, 220.00, 60, 5, 5, '779200000007', '2025-07-02 23:10:55'),
	(364, 'Galletitas Anillos Terrabusi 120g', 'Galletitas crocantes con forma de anillo', 130.00, 170.00, 75, 5, 5, '779200000008', '2025-07-02 23:10:55'),
	(365, 'Galletitas Tita Terrabusi 35g', 'Oblea con dulce de leche y cobertura', 60.00, 90.00, 150, 5, 25, '779200000009', '2025-07-02 23:10:55'),
	(366, 'Galletitas Rhodesia Terrabusi 35g', 'Oblea con relleno cítrico y cobertura', 60.00, 90.00, 150, 5, 25, '779200000010', '2025-07-02 23:10:55'),
	(367, 'Alfajor Tita Terrabusi Doble 55g', 'Alfajor doble con cobertura', 80.00, 110.00, 130, 5, 25, '779200000011', '2025-07-02 23:10:55'),
	(368, 'Alfajor Terrabusi Triple Chocolate', 'Alfajor triple con baño de chocolate', 120.00, 160.00, 100, 5, 25, '779200000012', '2025-07-02 23:10:55'),
	(369, 'Alfajor Terrabusi Blanco', 'Alfajor bañado con chocolate blanco', 115.00, 155.00, 95, 5, 25, '779200000013', '2025-07-02 23:10:55'),
	(370, 'Alfajor Terrabusi Clásico', 'Alfajor tradicional con dulce de leche', 110.00, 150.00, 105, 5, 25, '779200000014', '2025-07-02 23:10:55'),
	(371, 'Alfajor Terrabusi Mini Pack x6', 'Pack de alfajores mini', 300.00, 400.00, 70, 5, 25, '779200000015', '2025-07-02 23:10:55'),
	(372, 'Chocolatina Terrabusi Clásica', 'Chocolate con leche', 90.00, 130.00, 120, 5, 25, '779200000016', '2025-07-02 23:10:55'),
	(373, 'Chocolatina Terrabusi Almendras', 'Chocolate con trozos de almendras', 100.00, 140.00, 90, 5, 25, '779200000017', '2025-07-02 23:10:55'),
	(374, 'Chocolatina Terrabusi Cereal', 'Chocolate con cereal crocante', 100.00, 140.00, 85, 5, 25, '779200000018', '2025-07-02 23:10:55'),
	(375, 'Barra Terrabusi Chocolate y Maní', 'Barra energética con maní', 110.00, 145.00, 95, 5, 1, '779200000019', '2025-07-02 23:10:55'),
	(376, 'Barra Terrabusi Mix Frutas', 'Barra con frutas secas', 115.00, 150.00, 90, 5, 1, '779200000020', '2025-07-02 23:10:55'),
	(377, 'Galletitas Avena y Miel 250g', 'Galletitas con avena y miel', 160.00, 210.00, 70, 5, 5, '779200000021', '2025-07-02 23:10:55'),
	(378, 'Galletitas Avena y Chocolate 250g', 'Galletitas saludables con chispas', 165.00, 215.00, 65, 5, 5, '779200000022', '2025-07-02 23:10:55'),
	(379, 'Turrón Terrabusi 20g', 'Turrón de maní clásico', 50.00, 75.00, 180, 5, 4, '779200000023', '2025-07-02 23:10:55'),
	(380, 'Turrón de Arroz Terrabusi', 'Turrón de arroz con miel', 55.00, 80.00, 175, 5, 4, '779200000024', '2025-07-02 23:10:55'),
	(381, 'Chocotorta Pack', 'Kit de galletitas y dulce para preparar', 300.00, 400.00, 60, 5, 4, '779200000025', '2025-07-02 23:10:55'),
	(382, 'Terrabusi Dulce de Leche 400g', 'Dulce de leche clásico', 200.00, 270.00, 80, 5, 4, '779200000026', '2025-07-02 23:10:55'),
	(383, 'Chocolinas XL 300g', 'Galletitas Chocolinas tamaño familiar', 180.00, 240.00, 75, 5, 5, '779200000027', '2025-07-02 23:10:55'),
	(384, 'Lincoln XL 300g', 'Galletitas Lincoln familiar', 170.00, 230.00, 70, 5, 5, '779200000028', '2025-07-02 23:10:55'),
	(385, 'Cookies Terrabusi Chips 250g', 'Cookies con chips de chocolate', 190.00, 260.00, 60, 5, 5, '779200000029', '2025-07-02 23:10:55'),
	(386, 'Cookies Terrabusi Rellenas 250g', 'Cookies con relleno cremoso', 200.00, 270.00, 65, 5, 5, '779200000030', '2025-07-02 23:10:55'),
	(387, 'Snack Galletitas Saladas 150g', 'Galletitas crocantes saladas', 130.00, 180.00, 95, 5, 5, '779200000031', '2025-07-02 23:10:55'),
	(388, 'Wafers Terrabusi Chocolate 120g', 'Wafers rellenos sabor chocolate', 140.00, 190.00, 85, 5, 5, '779200000032', '2025-07-02 23:10:55'),
	(389, 'Wafers Terrabusi Vainilla 120g', 'Wafers rellenos sabor vainilla', 140.00, 190.00, 80, 5, 5, '779200000033', '2025-07-02 23:10:55'),
	(390, 'Galletitas Terrabusi Kids 120g', 'Galletitas con formas infantiles', 130.00, 170.00, 90, 5, 5, '779200000034', '2025-07-02 23:10:55'),
	(391, 'Terrabusi Mix Familiar', 'Combinación de galletitas clásicas', 220.00, 290.00, 60, 5, 5, '779200000035', '2025-07-02 23:10:55'),
	(392, 'Pack Escolar Terrabusi', 'Combo de snacks para chicos', 300.00, 380.00, 70, 5, 5, '779200000036', '2025-07-02 23:10:55'),
	(393, 'Pack Merienda Terrabusi', 'Combo para el recreo', 320.00, 400.00, 65, 5, 5, '779200000037', '2025-07-02 23:10:55'),
	(394, 'Budín Terrabusi Vainilla 220g', 'Budín sabor vainilla', 190.00, 250.00, 80, 5, 4, '779200000038', '2025-07-02 23:10:55'),
	(395, 'Budín Terrabusi Marmolado 220g', 'Budín marmolado chocolate-vainilla', 195.00, 255.00, 75, 5, 4, '779200000039', '2025-07-02 23:10:55'),
	(396, 'Budín Terrabusi Frutas 220g', 'Budín con frutas confitadas', 195.00, 255.00, 70, 5, 4, '779200000040', '2025-07-02 23:10:55'),
	(397, 'Chocolatina Mini Tita x4', 'Mini Titas en pack', 160.00, 220.00, 85, 5, 25, '779200000041', '2025-07-02 23:10:55'),
	(398, 'Chocolatina Mini Rhodesia x4', 'Mini Rhodesias en pack', 160.00, 220.00, 85, 5, 25, '779200000042', '2025-07-02 23:10:55'),
	(399, 'Mix Golosinas Terrabusi', 'Mix de golosinas clásicas', 250.00, 320.00, 55, 5, 25, '779200000043', '2025-07-02 23:10:55'),
	(400, 'Tita XL 80g', 'Tita extra grande', 120.00, 170.00, 70, 5, 25, '779200000044', '2025-07-02 23:10:55'),
	(401, 'Rhodesia XL 80g', 'Rhodesia extra grande', 120.00, 170.00, 70, 5, 25, '779200000045', '2025-07-02 23:10:55'),
	(402, 'Barra Cereal Chocolate 25g', 'Barrita de cereal con chocolate', 75.00, 110.00, 100, 5, 1, '779200000046', '2025-07-02 23:10:55'),
	(403, 'Barra Cereal Frutos Rojos 25g', 'Barrita de cereal con frutos rojos', 75.00, 110.00, 100, 5, 1, '779200000047', '2025-07-02 23:10:55'),
	(404, 'Bizcochitos Terrabusi 200g', 'Bizcochitos de grasa', 140.00, 190.00, 90, 5, 5, '779200000048', '2025-07-02 23:10:55'),
	(405, 'Bizcochitos de Salvado 200g', 'Bizcochitos integrales', 145.00, 195.00, 85, 5, 5, '779200000049', '2025-07-02 23:10:55'),
	(406, 'Bizcochitos Dulces 200g', 'Bizcochitos saborizados', 145.00, 195.00, 85, 5, 5, '779200000050', '2025-07-02 23:10:55'),
	(1107, 'Morron Amarillo', 'Morron Amarillo fresca y de alta calidad', 83.14, 111.91, 151, 104, 56, '7791000000000', '2025-09-24 22:02:37'),
	(1108, 'Rabanito', 'Rabanito fresca y de alta calidad', 183.10, 255.81, 78, 104, 56, '7791000000001', '2025-09-24 22:02:37'),
	(1109, 'Cebolla', 'Cebolla fresca y de alta calidad', 131.87, 168.35, 92, 104, 56, '7791000000002', '2025-09-24 22:02:37'),
	(1110, 'Col de Bruselas', 'Col de Bruselas fresca y de alta calidad', 67.66, 87.09, 83, 104, 56, '7791000000003', '2025-09-24 22:02:37'),
	(1111, 'Cebolla de Verdeo', 'Cebolla de Verdeo fresca y de alta calidad', 179.42, 228.26, 47, 104, 56, '7791000000004', '2025-09-24 22:02:37'),
	(1112, 'Champignon', 'Champignon fresca y de alta calidad', 193.12, 243.93, 161, 104, 56, '7791000000005', '2025-09-24 22:02:37'),
	(1114, 'Endivia', 'Endivia fresca y de alta calidad', 79.85, 98.56, 164, 104, 56, '7791000000007', '2025-09-24 22:02:37'),
	(1115, 'Repollo', 'Repollo fresca y de alta calidad', 168.04, 205.65, 128, 104, 56, '7791000000008', '2025-09-24 22:02:37'),
	(1116, 'Tomate', 'Tomate fresca y de alta calidad', 108.00, 158.35, 99, 104, 56, '7791000000009', '2025-09-24 22:02:37'),
	(1117, 'Hinojo', 'Hinojo fresca y de alta calidad', 144.92, 201.23, 79, 104, 56, '7791000000010', '2025-09-24 22:02:37'),
	(1118, 'Zanahoria', 'Zanahoria fresca y de alta calidad', 179.16, 234.71, 185, 104, 56, '7791000000011', '2025-09-24 22:02:37'),
	(1119, 'Calabaza', 'Calabaza fresca y de alta calidad', 118.15, 152.91, 97, 104, 56, '7791000000012', '2025-09-24 22:02:37'),
	(1121, 'Escarola', 'Escarola fresca y de alta calidad', 107.82, 156.79, 187, 104, 56, '7791000000014', '2025-09-24 22:02:37'),
	(1122, 'Kale', 'Kale fresca y de alta calidad', 118.03, 161.99, 194, 104, 56, '7791000000015', '2025-09-24 22:02:37'),
	(1123, 'Ciboulette', 'Ciboulette fresca y de alta calidad', 172.62, 258.21, 63, 104, 56, '7791000000016', '2025-09-24 22:02:37'),
	(1124, 'Mostaza Verde', 'Mostaza Verde fresca y de alta calidad', 97.89, 117.49, 39, 104, 56, '7791000000017', '2025-09-24 22:02:37'),
	(1126, 'Puerro', 'Puerro fresca y de alta calidad', 177.20, 231.34, 109, 104, 56, '7791000000019', '2025-09-24 22:02:37'),
	(1128, 'Morron Rojo', 'Morron Rojo fresca y de alta calidad', 199.59, 261.31, 101, 104, 56, '7791000000021', '2025-09-24 22:02:37'),
	(1129, 'Rucula', 'Rucula fresca y de alta calidad', 100.60, 127.72, 98, 104, 56, '7791000000022', '2025-09-24 22:02:37'),
	(1130, 'Quinoa Verde', 'Quinoa Verde fresca y de alta calidad', 171.37, 235.32, 163, 104, 56, '7791000000023', '2025-09-24 22:02:37'),
	(1131, 'Mandioca', 'Mandioca fresca y de alta calidad', 102.63, 150.29, 138, 104, 56, '7791000000024', '2025-09-24 22:02:37'),
	(1135, 'Okra', 'Okra fresca y de alta calidad', 151.29, 194.23, 176, 104, 56, '7791000000028', '2025-09-24 22:02:37'),
	(1136, 'Habas', 'Habas fresca y de alta calidad', 68.46, 82.76, 74, 104, 56, '7791000000029', '2025-09-24 22:02:37'),
	(1137, 'Brocoli', 'Brocoli fresca y de alta calidad', 102.97, 131.16, 143, 104, 56, '7791000000030', '2025-09-24 22:02:37'),
	(1138, 'Choclo', 'Choclo fresca y de alta calidad', 195.75, 276.24, 136, 104, 56, '7791000000031', '2025-09-24 22:02:37'),
	(1145, 'Soja Verde (Edamame)', 'Soja Verde (Edamame) fresca y de alta calidad', 112.42, 145.71, 103, 104, 56, '7791000000038', '2025-09-24 22:02:37'),
	(1148, 'Pepino', 'Pepino fresca y de alta calidad', 154.77, 231.11, 192, 104, 56, '7791000000041', '2025-09-24 22:02:37'),
	(1149, 'Nabo', 'Nabo fresca y de alta calidad', 92.81, 124.77, 190, 104, 56, '7791000000042', '2025-09-24 22:02:37'),
	(1150, 'Batata', 'Batata fresca y de alta calidad', 57.76, 84.17, 148, 104, 56, '7791000000043', '2025-09-24 22:02:37'),
	(1152, 'Alcaucil', 'Alcaucil fresca y de alta calidad', 168.20, 236.10, 120, 104, 56, '7791000000045', '2025-09-24 22:02:37'),
	(1159, 'Arvejas', 'Arvejas fresca y de alta calidad', 140.03, 188.80, 66, 104, 56, '7791000000052', '2025-09-24 22:02:37'),
	(1160, 'Coliflor', 'Coliflor fresca y de alta calidad', 103.96, 144.66, 118, 104, 56, '7791000000053', '2025-09-24 22:02:37'),
	(1161, 'Remolacha', 'Remolacha fresca y de alta calidad', 77.60, 107.01, 46, 104, 56, '7791000000054', '2025-09-24 22:02:37'),
	(1166, 'Poroto Verde', 'Poroto Verde fresca y de alta calidad', 196.57, 255.27, 54, 104, 56, '7791000000059', '2025-09-24 22:02:37'),
	(1168, 'Berro', 'Berro fresca y de alta calidad', 150.05, 219.44, 175, 104, 56, '7791000000061', '2025-09-24 22:02:37'),
	(1171, 'Zapallo', 'Zapallo fresca y de alta calidad', 195.74, 243.94, 31, 104, 56, '7791000000064', '2025-09-24 22:02:37'),
	(1180, 'Berenjena', 'Berenjena fresca y de alta calidad', 54.35, 79.89, 67, 104, 56, '7791000000073', '2025-09-24 22:02:37'),
	(1187, 'Espinaca', 'Espinaca fresca y de alta calidad', 51.88, 75.63, 190, 104, 56, '7791000000080', '2025-09-24 22:02:37'),
	(1191, 'Palta', 'Palta fresca y de alta calidad', 57.46, 72.81, 182, 104, 56, '7791000000084', '2025-09-24 22:02:37'),
	(1210, 'Lechuga', 'Lechuga fresca y de alta calidad', 195.50, 252.30, 37, 104, 56, '7791000000103', '2025-09-24 22:02:37'),
	(1211, 'Apio', 'Apio fresca y de alta calidad', 179.02, 256.08, 195, 104, 56, '7791000000104', '2025-09-24 22:02:37'),
	(1212, 'Ajo', 'Ajo fresca y de alta calidad', 154.03, 188.08, 124, 104, 56, '7791000000105', '2025-09-24 22:02:37'),
	(1216, 'Papa', 'Papa fresca y de alta calidad', 82.37, 115.26, 175, 104, 56, '7791000000109', '2025-09-24 22:02:37'),
	(1219, 'Jengibre', 'Jengibre fresca y de alta calidad', 106.48, 152.26, 189, 104, 56, '7791000000112', '2025-09-24 22:02:37'),
	(1227, 'Hongos Portobello', 'Hongos Portobello fresca y de alta calidad', 139.83, 188.89, 42, 104, 56, '7791000000120', '2025-09-24 22:02:37'),
	(1229, 'Lentejas Verdes', 'Lentejas Verdes fresca y de alta calidad', 62.33, 92.55, 89, 104, 56, '7791000000122', '2025-09-24 22:02:37'),
	(1278, 'Morron Verde', 'Morron Verde fresca y de alta calidad', 110.46, 136.57, 158, 104, 56, '7791000000171', '2025-09-24 22:02:37'),
	(1291, 'Acelga', 'Acelga fresca y de alta calidad', 189.13, 279.04, 53, 104, 56, '7791000000184', '2025-09-24 22:02:37'),
	(1302, 'Garbanzo Fresco', 'Garbanzo Fresco fresca y de alta calidad', 118.02, 148.99, 65, 104, 56, '7791000000195', '2025-09-24 22:02:37'),
	(1339, 'Yerba Mora', 'Yerba Mora fresca y de alta calidad', 166.68, 234.46, 169, 104, 56, '7791000000232', '2025-09-24 22:02:37'),
	(1407, 'Taladro percutor Einhell TE-ID 750', 'Taladro percutor 750W con velocidad variable', 28000.00, 34999.00, 120, 102, 36, 'EINH00001', '2025-09-24 22:04:03'),
	(1408, 'Amoladora angular Einhell TC-AG 125', 'Amoladora 125mm 850W con protección ajustable', 19000.00, 23999.00, 150, 102, 36, 'EINH00002', '2025-09-24 22:04:03'),
	(1409, 'Sierra circular Einhell TC-CS 1400', 'Sierra circular 1400W disco 190mm', 33000.00, 41999.00, 80, 102, 36, 'EINH00003', '2025-09-24 22:04:03'),
	(1410, 'Atornillador inalámbrico Einhell TC-CD 18/35', 'Taladro atornillador a batería 18V con 2 baterías', 35000.00, 44999.00, 110, 102, 36, 'EINH00004', '2025-09-24 22:04:03'),
	(1411, 'Compresor de aire Einhell TC-AC 200/24', 'Compresor 24L 1500W presión 8 bar', 70000.00, 87999.00, 60, 102, 36, 'EINH00005', '2025-09-24 22:04:03'),
	(1412, 'Lijadora orbital Einhell TC-OS 1520', 'Lijadora orbital 150W con bolsa colectora', 12000.00, 15999.00, 140, 102, 36, 'EINH00006', '2025-09-24 22:04:03'),
	(1413, 'Sierra caladora Einhell TC-JS 80', 'Caladora 600W con guía de corte ajustable', 17000.00, 22999.00, 90, 102, 36, 'EINH00007', '2025-09-24 22:04:03'),
	(1414, 'Soldadora inverter Einhell TC-EW 150', 'Equipo de soldar inverter 150A', 55000.00, 69999.00, 70, 102, 36, 'EINH00008', '2025-09-24 22:04:03'),
	(1415, 'Pulidora Einhell CC-PO 1100', 'Pulidora para autos 1100W con disco de lana', 22000.00, 28999.00, 100, 102, 36, 'EINH00009', '2025-09-24 22:04:03'),
	(1416, 'Multiherramienta Einhell TC-MG 220', 'Herramienta multifunción oscilante 220W', 18000.00, 23999.00, 150, 102, 36, 'EINH00010', '2025-09-24 22:04:03'),
	(1417, 'Sierra sable Einhell TC-AP 650', 'Sierra sable 650W con hoja intercambiable', 26000.00, 33999.00, 85, 102, 36, 'EINH00011', '2025-09-24 22:04:03'),
	(1418, 'Taladro de columna Einhell TC-BD 350', 'Taladro de banco 350W con 5 velocidades', 43000.00, 54999.00, 55, 102, 36, 'EINH00012', '2025-09-24 22:04:03'),
	(1419, 'Cortadora de césped Einhell GC-EM 1030', 'Cortadora eléctrica 1000W 30cm', 38000.00, 47999.00, 65, 102, 36, 'EINH00013', '2025-09-24 22:04:03'),
	(1420, 'Amoladora angular Einhell TE-AG 230', 'Amoladora 230mm 2350W', 45000.00, 58999.00, 75, 102, 36, 'EINH00014', '2025-09-24 22:04:03'),
	(1421, 'Compresor Einhell TE-AC 270/50', 'Compresor 50L 1800W con regulador de presión', 95000.00, 119999.00, 45, 102, 36, 'EINH00015', '2025-09-24 22:04:03'),
	(1422, 'Lijadora de banda Einhell TC-BS 8038', 'Lijadora de banda 800W con bolsa colectora', 21000.00, 27999.00, 130, 102, 36, 'EINH00016', '2025-09-24 22:04:03'),
	(1423, 'Sierra ingletadora Einhell TC-SM 2131', 'Sierra ingletadora telescópica 1800W disco 210mm', 87000.00, 109999.00, 40, 102, 36, 'EINH00017', '2025-09-24 22:04:03'),
	(1424, 'Martillo demoledor Einhell TC-DH 43', 'Martillo demoledor 1600W con cincel', 125000.00, 159999.00, 30, 102, 36, 'EINH00018', '2025-09-24 22:04:03'),
	(1425, 'Cepillo eléctrico Einhell TC-PL 750', 'Cepillo eléctrico 750W ancho 82mm', 15000.00, 19999.00, 100, 102, 36, 'EINH00019', '2025-09-24 22:04:03'),
	(1426, 'Pistola de calor Einhell TC-HA 2000', 'Pistola de aire caliente 2000W 2 niveles', 9000.00, 12999.00, 160, 102, 36, 'EINH00020', '2025-09-24 22:04:03'),
	(1427, 'Cortadora de azulejos Einhell TC-TC 800', 'Máquina de cortar cerámicos 800W', 27000.00, 34999.00, 85, 102, 36, 'EINH00021', '2025-09-24 22:04:03'),
	(1428, 'Atornillador de impacto Einhell TE-CI 18', 'Atornillador a batería impacto 18V', 42000.00, 53999.00, 95, 102, 36, 'EINH00022', '2025-09-24 22:04:03'),
	(1429, 'Sierra de cinta Einhell TC-SB 200', 'Sierra de banda para madera 250W', 69000.00, 88999.00, 50, 102, 36, 'EINH00023', '2025-09-24 22:04:03'),
	(1430, 'Cortadora de césped a batería Einhell GE-CM 18', 'Cortadora de césped 18V batería PowerX-Change', 96000.00, 121999.00, 35, 102, 36, 'EINH00024', '2025-09-24 22:04:03'),
	(1431, 'Taladro atornillador Einhell TE-CD 18/48', 'Taladro percutor a batería 18V con maletín', 38000.00, 48999.00, 90, 102, 36, 'EINH00025', '2025-09-24 22:04:03'),
	(1432, 'Compresor portátil Einhell TC-AC 190', 'Compresor portátil 1100W', 25000.00, 31999.00, 115, 102, 36, 'EINH00026', '2025-09-24 22:04:03'),
	(1433, 'Cortadora de césped Einhell GE-CM 33', 'Cortadora eléctrica 1200W 33cm', 41000.00, 52999.00, 70, 102, 36, 'EINH00027', '2025-09-24 22:04:03'),
	(1434, 'Soplador de hojas Einhell GC-EL 2500', 'Soplador/aspirador 2500W con bolsa', 19000.00, 24999.00, 100, 102, 36, 'EINH00028', '2025-09-24 22:04:03'),
	(1435, 'Clavadora eléctrica Einhell TC-EN 20', 'Clavadora engrampadora 200W', 15000.00, 19999.00, 140, 102, 36, 'EINH00029', '2025-09-24 22:04:03'),
	(1436, 'Pistola de pintar Einhell TC-SY 400', 'Sistema de pintura eléctrico 400W', 21000.00, 27999.00, 110, 102, 36, 'EINH00030', '2025-09-24 22:04:03'),
	(1437, 'Lijadora delta Einhell TC-DS 19', 'Lijadora triangular 190W', 9000.00, 11999.00, 160, 102, 36, 'EINH00031', '2025-09-24 22:04:03'),
	(1438, 'Cortadora de césped a gasolina Einhell GC-PM 46', 'Cortadora de césped motor 140cc', 175000.00, 219999.00, 25, 102, 36, 'EINH00032', '2025-09-24 22:04:03'),
	(1439, 'Generador eléctrico Einhell TC-PG 2500', 'Generador 2500W gasolina', 220000.00, 278999.00, 20, 102, 36, 'EINH00033', '2025-09-24 22:04:03'),
	(1440, 'Amoladora angular Einhell TC-AG 115', 'Amoladora 115mm 500W', 12000.00, 15999.00, 180, 102, 36, 'EINH00034', '2025-09-24 22:04:03'),
	(1441, 'Cepillo eléctrico Einhell TE-PL 900', 'Cepillo 900W ancho 82mm', 21000.00, 27999.00, 90, 102, 36, 'EINH00035', '2025-09-24 22:04:03'),
	(1442, 'Sierra de mesa Einhell TC-TS 2025', 'Sierra de mesa 2000W con disco 250mm', 115000.00, 147999.00, 35, 102, 36, 'EINH00036', '2025-09-24 22:04:03'),
	(1443, 'Pulidora orbital Einhell TE-RS 40', 'Pulidora excéntrica 400W', 17000.00, 22999.00, 120, 102, 36, 'EINH00037', '2025-09-24 22:04:03'),
	(1444, 'Multiherramienta inalámbrica Einhell TE-MG 12', 'Herramienta multifunción a batería 12V', 27000.00, 35999.00, 75, 102, 36, 'EINH00038', '2025-09-24 22:04:03'),
	(1445, 'Martillo perforador Einhell TC-RH 800', 'Rotomartillo SDS Plus 800W', 36000.00, 45999.00, 80, 102, 36, 'EINH00039', '2025-09-24 22:04:03'),
	(1446, 'Cortadora de césped Einhell GE-CM 43', 'Cortadora de césped eléctrica 1700W 43cm', 62000.00, 79999.00, 60, 102, 36, 'EINH00040', '2025-09-24 22:04:03'),
	(1447, 'Atornillador de impacto Einhell TE-CI 12', 'Atornillador de impacto a batería 12V', 30000.00, 38999.00, 95, 102, 36, 'EINH00041', '2025-09-24 22:04:03'),
	(1448, 'Lijadora excéntrica Einhell TE-RS 18', 'Lijadora orbital a batería 18V', 21000.00, 27999.00, 100, 102, 36, 'EINH00042', '2025-09-24 22:04:03'),
	(1449, 'Sierra circular Einhell TE-CS 190', 'Sierra circular 1500W disco 190mm', 35000.00, 45999.00, 90, 102, 36, 'EINH00043', '2025-09-24 22:04:03'),
	(1450, 'Pulidora angular Einhell TE-AG 125', 'Pulidora 125mm 1100W', 22000.00, 28999.00, 110, 102, 36, 'EINH00044', '2025-09-24 22:04:03'),
	(1451, 'Taladro Einhell TC-ID 1000', 'Taladro percutor 1000W con velocidad variable', 31000.00, 40999.00, 85, 102, 36, 'EINH00045', '2025-09-24 22:04:03'),
	(1452, 'Sierra sable Einhell TE-AP 18', 'Sierra sable inalámbrica 18V', 34000.00, 43999.00, 70, 102, 36, 'EINH00046', '2025-09-24 22:04:03'),
	(1453, 'Compresor Einhell TE-AC 24', 'Compresor portátil 24L 1500W', 72000.00, 91999.00, 55, 102, 36, 'EINH00047', '2025-09-24 22:04:03'),
	(1454, 'Generador inverter Einhell TC-IG 2000', 'Generador inverter 2000W', 180000.00, 229999.00, 30, 102, 36, 'EINH00048', '2025-09-24 22:04:03'),
	(1455, 'Martillo demoledor Einhell TE-DH 12', 'Martillo demoledor compacto 1050W', 89000.00, 114999.00, 25, 102, 36, 'EINH00049', '2025-09-24 22:04:03'),
	(1456, 'Taladro atornillador Einhell TC-CD 12', 'Taladro atornillador inalámbrico 12V', 19000.00, 24999.00, 130, 102, 36, 'EINH00050', '2025-09-24 22:04:03'),
	(1457, 'Taladro percutor Bosch GSB 13 RE', 'Taladro percutor 600W con velocidad variable', 35000.00, 45999.00, 120, 103, 36, 'BOSCH0001', '2025-09-24 22:04:13'),
	(1458, 'Amoladora angular Bosch GWS 7-115', 'Amoladora 720W disco 115mm', 28000.00, 36999.00, 150, 103, 36, 'BOSCH0002', '2025-09-24 22:04:13'),
	(1459, 'Sierra circular Bosch GKS 190', 'Sierra circular 1400W disco 190mm', 52000.00, 66999.00, 100, 103, 36, 'BOSCH0003', '2025-09-24 22:04:13'),
	(1460, 'Taladro atornillador Bosch GSR 180-LI', 'Taladro inalámbrico 18V con 2 baterías', 78000.00, 99999.00, 90, 103, 36, 'BOSCH0004', '2025-09-24 22:04:13'),
	(1461, 'Martillo perforador Bosch GBH 2-26', 'Rotomartillo SDS Plus 800W', 85000.00, 109999.00, 80, 103, 36, 'BOSCH0005', '2025-09-24 22:04:13'),
	(1462, 'Amoladora Bosch GWS 22-180', 'Amoladora 2200W disco 180mm', 62000.00, 79999.00, 70, 103, 36, 'BOSCH0006', '2025-09-24 22:04:13'),
	(1463, 'Lijadora orbital Bosch GSS 23 AE', 'Lijadora orbital 190W con velocidad regulable', 26000.00, 33999.00, 140, 103, 36, 'BOSCH0007', '2025-09-24 22:04:13'),
	(1464, 'Sierra caladora Bosch GST 8000 E', 'Caladora 710W con control de velocidad', 39000.00, 50999.00, 110, 103, 36, 'BOSCH0008', '2025-09-24 22:04:13'),
	(1465, 'Medidor láser Bosch GLM 50', 'Medidor de distancias hasta 50m', 45000.00, 58999.00, 95, 103, 36, 'BOSCH0009', '2025-09-24 22:04:13'),
	(1466, 'Nivel láser Bosch GLL 3-80', 'Nivel láser de 360° líneas verdes', 125000.00, 159999.00, 60, 103, 36, 'BOSCH0010', '2025-09-24 22:04:13'),
	(1467, 'Pulidora Bosch GPO 14 CE', 'Pulidora angular 1400W con control de velocidad', 53000.00, 68999.00, 75, 103, 36, 'BOSCH0011', '2025-09-24 22:04:13'),
	(1468, 'Taladro de columna Bosch PBD 40', 'Taladro de banco con pantalla digital', 135000.00, 172999.00, 40, 103, 36, 'BOSCH0012', '2025-09-24 22:04:13'),
	(1469, 'Sierra sable Bosch GSA 1100 E', 'Sierra sable 1100W con luz LED', 60000.00, 77999.00, 85, 103, 36, 'BOSCH0013', '2025-09-24 22:04:13'),
	(1470, 'Martillo demoledor Bosch GSH 11 E', 'Martillo demoledor 1500W 16J', 210000.00, 269999.00, 30, 103, 36, 'BOSCH0014', '2025-09-24 22:04:13'),
	(1471, 'Lijadora excéntrica Bosch GEX 125-1', 'Lijadora orbital 250W 125mm', 33000.00, 42999.00, 100, 103, 36, 'BOSCH0015', '2025-09-24 22:04:13'),
	(1472, 'Atornillador de impacto Bosch GDX 180-LI', 'Atornillador a batería 18V impacto', 72000.00, 93999.00, 85, 103, 36, 'BOSCH0016', '2025-09-24 22:04:13'),
	(1473, 'Sierra ingletadora Bosch GCM 10 MX', 'Ingletadora 1800W disco 255mm', 145000.00, 189999.00, 35, 103, 36, 'BOSCH0017', '2025-09-24 22:04:13'),
	(1474, 'Fresadora Bosch POF 1400 ACE', 'Router eléctrico 1400W con control de profundidad', 78000.00, 99999.00, 60, 103, 36, 'BOSCH0018', '2025-09-24 22:04:13'),
	(1475, 'Pistola de calor Bosch GHG 23-66', 'Pistola de aire caliente 2300W con display', 26000.00, 33999.00, 120, 103, 36, 'BOSCH0019', '2025-09-24 22:04:13'),
	(1476, 'Compresor Bosch EasyPump', 'Compresor portátil digital para autos y bicicletas', 21000.00, 28999.00, 150, 103, 36, 'BOSCH0020', '2025-09-24 22:04:13'),
	(1477, 'Sierra de mesa Bosch GTS 254', 'Sierra de banco 1800W disco 254mm', 160000.00, 209999.00, 40, 103, 36, 'BOSCH0021', '2025-09-24 22:04:13'),
	(1478, 'Multiherramienta Bosch PMF 220', 'Herramienta multifunción oscilante 220W', 24000.00, 31999.00, 140, 103, 36, 'BOSCH0022', '2025-09-24 22:04:13'),
	(1479, 'Atornillador Bosch IXO 6', 'Atornillador recargable compacto 3.6V', 17000.00, 22999.00, 160, 103, 36, 'BOSCH0023', '2025-09-24 22:04:13'),
	(1480, 'Cortadora de azulejos Bosch PTC 640', 'Cortadora manual para cerámicos hasta 640mm', 67000.00, 86999.00, 55, 103, 36, 'BOSCH0024', '2025-09-24 22:04:13'),
	(1481, 'Detector Bosch D-tect 120', 'Detector de materiales hasta 12cm', 82000.00, 104999.00, 50, 103, 36, 'BOSCH0025', '2025-09-24 22:04:13'),
	(1482, 'Soplador Bosch ALB 18 LI', 'Soplador inalámbrico 18V batería incluida', 35000.00, 45999.00, 90, 103, 36, 'BOSCH0026', '2025-09-24 22:04:13'),
	(1483, 'Generador Bosch G 2000', 'Generador portátil gasolina 2000W', 220000.00, 284999.00, 20, 103, 36, 'BOSCH0027', '2025-09-24 22:04:13'),
	(1484, 'Amoladora Bosch GWS 9-125', 'Amoladora 900W disco 125mm', 31000.00, 40999.00, 140, 103, 36, 'BOSCH0028', '2025-09-24 22:04:13'),
	(1485, 'Lijadora Bosch GSS 140', 'Lijadora orbital 180W compacta', 25000.00, 32999.00, 120, 103, 36, 'BOSCH0029', '2025-09-24 22:04:13'),
	(1486, 'Martillo perforador Bosch GBH 5-40', 'Rotomartillo SDS-Max 1100W', 175000.00, 229999.00, 25, 103, 36, 'BOSCH0030', '2025-09-24 22:04:13'),
	(1487, 'Sierra circular Bosch PKS 55 A', 'Sierra circular 1200W con caja recolectora', 42000.00, 54999.00, 95, 103, 36, 'BOSCH0031', '2025-09-24 22:04:13'),
	(1488, 'Taladro Bosch GSB 16 RE', 'Taladro percutor 750W compacto', 40000.00, 51999.00, 110, 103, 36, 'BOSCH0032', '2025-09-24 22:04:13'),
	(1489, 'Nivel Bosch PLL 360', 'Nivel láser de 360° auto nivelante', 56000.00, 72999.00, 65, 103, 36, 'BOSCH0033', '2025-09-24 22:04:13'),
	(1490, 'Pulidora Bosch GPO 950', 'Pulidora de 950W con mango ergonómico', 37000.00, 48999.00, 100, 103, 36, 'BOSCH0034', '2025-09-24 22:04:13'),
	(1491, 'Martillo demoledor Bosch GSH 27 VC', 'Demoledor profesional 2000W 62J', 490000.00, 629999.00, 15, 103, 36, 'BOSCH0035', '2025-09-24 22:04:13'),
	(1492, 'Sierra ingletadora Bosch GCM 12 GDL', 'Ingletadora telescópica 2000W disco 305mm', 240000.00, 309999.00, 25, 103, 36, 'BOSCH0036', '2025-09-24 22:04:13'),
	(1493, 'Cepillo eléctrico Bosch GHO 26-82', 'Cepillo eléctrico 710W ancho 82mm', 38000.00, 49999.00, 90, 103, 36, 'BOSCH0037', '2025-09-24 22:04:13'),
	(1494, 'Medidor láser Bosch GLM 100', 'Medidor de distancia láser hasta 100m', 95000.00, 121999.00, 40, 103, 36, 'BOSCH0038', '2025-09-24 22:04:13'),
	(1495, 'Sierra caladora Bosch PST 900 PEL', 'Caladora 620W con luz LED', 42000.00, 54999.00, 85, 103, 36, 'BOSCH0039', '2025-09-24 22:04:13'),
	(1496, 'Pistola de pintar Bosch PFS 2000', 'Sistema de pulverización 440W', 35000.00, 45999.00, 100, 103, 36, 'BOSCH0040', '2025-09-24 22:04:13'),
	(1497, 'Lijadora delta Bosch PDA 180', 'Lijadora triangular 180W', 22000.00, 28999.00, 130, 103, 36, 'BOSCH0041', '2025-09-24 22:04:13'),
	(1498, 'Sierra sable Bosch GSA 18V-LI', 'Sierra sable inalámbrica 18V', 72000.00, 93999.00, 70, 103, 36, 'BOSCH0042', '2025-09-24 22:04:13'),
	(1499, 'Multiherramienta Bosch GOP 30-28', 'Multicortadora 300W oscilante', 50000.00, 64999.00, 80, 103, 36, 'BOSCH0043', '2025-09-24 22:04:13'),
	(1500, 'Taladro Bosch GBM 6 RE', 'Taladro eléctrico 350W compacto', 21000.00, 27999.00, 150, 103, 36, 'BOSCH0044', '2025-09-24 22:04:13'),
	(1501, 'Martillo perforador Bosch GBH 18V-26', 'Rotomartillo inalámbrico 18V', 115000.00, 149999.00, 40, 103, 36, 'BOSCH0045', '2025-09-24 22:04:13'),
	(1502, 'Sierra de cinta Bosch GCB 18V', 'Sierra de banda inalámbrica 18V', 130000.00, 169999.00, 35, 103, 36, 'BOSCH0046', '2025-09-24 22:04:13'),
	(1503, 'Amoladora Bosch GWS 24-230', 'Amoladora 2400W disco 230mm', 89000.00, 114999.00, 60, 103, 36, 'BOSCH0047', '2025-09-24 22:04:13'),
	(1504, 'Pulidora Bosch GPO 12 CE', 'Pulidora profesional 1200W', 48000.00, 61999.00, 100, 103, 36, 'BOSCH0048', '2025-09-24 22:04:13'),
	(1505, 'Generador Bosch G 3000', 'Generador a gasolina 3000W', 285000.00, 364999.00, 20, 103, 36, 'BOSCH0049', '2025-09-24 22:04:13'),
	(1506, 'Taladro inalámbrico Bosch GSR 12V-15', 'Taladro atornillador compacto 12V', 48000.00, 61999.00, 110, 103, 36, 'BOSCH0050', '2025-09-24 22:04:13');

-- Volcando estructura para tabla pp3_proyecto.productos_bak
DROP TABLE IF EXISTS `productos_bak`;
CREATE TABLE IF NOT EXISTS `productos_bak` (
  `id` int(11) NOT NULL DEFAULT 0,
  `nombre` varchar(255) NOT NULL,
  `descripcion` text DEFAULT NULL,
  `precio_costo` decimal(10,2) NOT NULL,
  `precio_venta` decimal(10,2) NOT NULL,
  `stock` int(11) NOT NULL DEFAULT 0,
  `marca_id` int(11) DEFAULT NULL,
  `categoria_id` int(11) DEFAULT NULL,
  `codigo_barras` varchar(50) DEFAULT NULL,
  `fecha_alta` timestamp NULL DEFAULT current_timestamp()
) ENGINE=InnoDB DEFAULT CHARSET=utf8mb3 COLLATE=utf8mb3_general_ci;

-- Volcando datos para la tabla pp3_proyecto.productos_bak: ~393 rows (aproximadamente)
DELETE FROM `productos_bak`;
INSERT INTO `productos_bak` (`id`, `nombre`, `descripcion`, `precio_costo`, `precio_venta`, `stock`, `marca_id`, `categoria_id`, `codigo_barras`, `fecha_alta`) VALUES
	(2, 'Yerba Mate Marolio', 'Yerba mate elaborada tradicional', 80.00, 120.00, 200, 52, 23, '779123456002', '2025-05-25 21:13:28'),
	(3, 'Salame Paladini', 'Salame tipo milán de Paladini', 150.00, 200.00, 50, 8, 14, '779123456003', '2025-05-25 21:13:28'),
	(4, 'Dulce de Leche La Serenísima', 'Dulce de leche clásico', 100.00, 150.00, 80, 1, 4, '779123456004', '2025-05-25 21:13:28'),
	(5, 'Aceite de Girasol Natura', 'Aceite de girasol 1L', 90.00, 130.00, 120, 42, 16, '779123456005', '2025-05-25 21:13:28'),
	(6, 'Notebook Banghó Max', 'Notebook Banghó con procesador Intel i5', 50000.00, 65000.00, 30, 29, 26, '779123456006', '2025-05-25 21:13:28'),
	(7, 'PC de Escritorio EXO', 'Computadora de escritorio EXO básica', 40000.00, 55000.00, 25, 53, 26, '779123456007', '2025-05-25 21:13:28'),
	(8, 'All in One Ken Brown', 'Computadora All in One Ken Brown 21"', 45000.00, 60000.00, 20, 54, 26, '779123456008', '2025-05-25 21:13:28'),
	(9, 'Tablet CX', 'Tablet CX de 10 pulgadas', 30000.00, 40000.00, 40, 86, 26, '779123456009', '2025-05-25 21:13:28'),
	(10, 'Monitor Eurocase 24"', 'Monitor LED Eurocase de 24 pulgadas', 20000.00, 27000.00, 35, 55, 26, '779123456010', '2025-05-25 21:13:28'),
	(11, 'Heladera Patrick 320L', 'Heladera Patrick con freezer superior', 60000.00, 75000.00, 15, 56, 24, '779123456011', '2025-05-25 21:13:28'),
	(12, 'Lavarropas Drean Next 6.06', 'Lavarropas automático Drean 6kg', 55000.00, 70000.00, 10, 57, 24, '779123456012', '2025-05-25 21:13:28'),
	(13, 'Cocina Orbis 4 Hornallas', 'Cocina a gas Orbis con horno', 50000.00, 65000.00, 12, 58, 24, '779123456013', '2025-05-25 21:13:28'),
	(14, 'Estufa Eskabe TB 5000', 'Estufa a gas Eskabe tiro balanceado 5000 kcal', 25000.00, 32000.00, 18, 59, 24, '779123456014', '2025-05-25 21:13:28'),
	(15, 'Aire Acondicionado BGH 3000W', 'Aire acondicionado BGH frío/calor 3000W', 45000.00, 60000.00, 8, 30, 24, '779123456015', '2025-05-25 21:13:28'),
	(16, 'Silla de Oficina Mite', 'Silla ergonómica para oficina marca Mite', 8000.00, 12000.00, 20, 60, 32, '779123456016', '2025-05-25 21:13:28'),
	(17, 'Escritorio Genoud', 'Escritorio de madera para computadora', 10000.00, 15000.00, 10, 61, 32, '779123456017', '2025-05-25 21:13:28'),
	(18, 'Mesa de Comedor Peter Wells', 'Mesa de comedor para 6 personas', 15000.00, 20000.00, 5, 63, 32, '779123456018', '2025-05-25 21:13:28'),
	(19, 'Sillón Safari', 'Sillón de 2 cuerpos tapizado', 12000.00, 18000.00, 7, 62, 32, '779123456019', '2025-05-25 21:13:28'),
	(20, 'Biblioteca Seis Mobiliario', 'Biblioteca de madera con 5 estantes', 9000.00, 13000.00, 9, 61, 32, '779123456020', '2025-05-25 21:13:28'),
	(21, 'Colchón King Koil 2 Plazas', 'Colchón de resortes 2 plazas', 20000.00, 25000.00, 6, 76, 30, '779123456021', '2025-05-25 21:13:28'),
	(22, 'Somier Piero 1 Plaza', 'Somier de 1 plaza con colchón', 15000.00, 20000.00, 8, 23, 31, '779123456022', '2025-05-25 21:13:28'),
	(23, 'Colchón Cannon 2 Plazas', 'Colchón espuma alta densidad', 18000.00, 23000.00, 5, 24, 30, '779123456023', '2025-05-25 21:13:28'),
	(24, 'Somier Suavestar Queen', 'Somier Queen con base y colchón', 22000.00, 28000.00, 4, 78, 31, '779123456024', '2025-05-25 21:13:28'),
	(25, 'Colchón La Cardeuse 1 Plaza', 'Colchón de espuma 1 plaza', 12000.00, 16000.00, 10, 79, 30, '779123456025', '2025-05-25 21:13:28'),
	(26, 'Licuadora Atma 600W', 'Licuadora de 600W con vaso de vidrio', 5000.00, 7000.00, 15, 64, 25, '779123456026', '2025-05-25 21:13:28'),
	(27, 'Tostadora Liliana 2 Rebanadas', 'Tostadora eléctrica para 2 rebanadas', 3000.00, 4500.00, 20, 20, 25, '779123456027', '2025-05-25 21:13:28'),
	(28, 'Cafetera Philips 1L', 'Cafetera eléctrica de 1 litro', 4000.00, 6000.00, 12, 80, 25, '779123456028', '2025-05-25 21:13:28'),
	(29, 'Batidora Peabody 300W', 'Batidora de mano 300W', 3500.00, 5000.00, 18, 81, 25, '779123456029', '2025-05-25 21:13:28'),
	(30, 'Microondas Sanyo 20L', 'Microondas digital de 20 litros', 8000.00, 10000.00, 10, 82, 25, '779123456030', '2025-05-25 21:13:28'),
	(31, 'Secador de Pelo Gama 2000W', 'Secador de pelo profesional 2000W', 4000.00, 5500.00, 25, 83, 42, '779123456031', '2025-05-25 21:13:28'),
	(32, 'Plancha de Pelo Philips', 'Plancha alisadora de cerámica', 3500.00, 5000.00, 20, 80, 42, '779123456032', '2025-05-25 21:13:28'),
	(33, 'Afeitadora Eléctrica Braun', 'Afeitadora recargable', 6000.00, 8000.00, 15, 84, 42, '779123456033', '2025-05-25 21:13:28'),
	(34, 'Depiladora Philips Satinelle', 'Depiladora eléctrica compacta', 4500.00, 6000.00, 18, 80, 42, '779123456034', '2025-05-25 21:13:28'),
	(35, 'Cepillo Eléctrico Oral-B', 'Cepillo dental eléctrico recargable', 3000.00, 4500.00, 22, 85, 42, '779123456035', '2025-05-25 21:13:28'),
	(46, 'Galletitas Chocolinas Bagley', 'Galletitas de chocolate clásicas de Bagley', 120.00, 160.00, 50, 4, 5, '779500002001', '2025-05-25 21:28:55'),
	(47, 'Galletitas Opera Bagley', 'Galletitas rellenas sabor vainilla', 135.00, 180.00, 60, 3, 5, '779500002002', '2025-05-25 21:28:55'),
	(48, 'Galletitas Rex Bagley', 'Galletitas crocantes ideales para el desayuno', 110.00, 150.00, 80, 3, 5, '779500002003', '2025-05-25 21:28:55'),
	(49, 'Galletitas Diversión Bagley', 'Con formas divertidas y sabor a vainilla', 140.00, 185.00, 40, 3, 5, '779500002004', '2025-05-25 21:28:55'),
	(50, 'Galletitas Manón Bagley', 'Clásicas galletitas dulces sabor vainilla', 125.00, 170.00, 70, 3, 5, '779500002005', '2025-05-25 21:28:55'),
	(51, 'Galletitas Mini Diversión Bagley', 'Mini galletitas dulces para llevar', 100.00, 135.00, 90, 3, 5, '779500002006', '2025-05-25 21:28:55'),
	(52, 'Galletitas Tentación Bagley', 'Rellenas con crema de chocolate', 145.00, 190.00, 35, 3, 5, '779500002007', '2025-05-25 21:28:55'),
	(53, 'Galletitas Mellizas Bagley', 'Rellenas con dulce de leche', 130.00, 175.00, 45, 3, 5, '779500002008', '2025-05-25 21:28:55'),
	(54, 'Galletitas Variedad Familiar Bagley', 'Mix de galletitas dulces y saladas', 180.00, 240.00, 30, 3, 5, '779500002009', '2025-05-25 21:28:55'),
	(55, 'Galletitas Arroz Bagley', 'Galletitas livianas a base de arroz', 115.00, 155.00, 65, 3, 5, '779500002010', '2025-05-25 21:28:55'),
	(106, 'Yerba Mate Taragüi 1kg', 'Yerba mate tradicional Taragüi', 500.00, 800.00, 150, 99, 23, '779123450001', '2025-06-11 22:35:24'),
	(107, 'Yerba Mate Taragüi Suave 1kg', 'Yerba mate suave Taragüi', 500.00, 800.00, 120, 99, 23, '779123450002', '2025-06-11 22:35:24'),
	(108, 'Bon o Bon x10', 'Bombones Bon o Bon Arcor', 200.00, 320.00, 200, 3, 7, '779123450003', '2025-06-11 22:35:24'),
	(109, 'Dulce de Leche Marolio 400g', 'Dulce de leche cremoso Marolio', 250.00, 380.00, 180, 8, 4, '779123450004', '2025-06-11 22:35:24'),
	(110, 'Manteca La Serenísima 200g', 'Manteca tradicional', 150.00, 230.00, 140, 1, 1, '779123450005', '2025-06-11 22:35:24'),
	(111, 'Queso Sancor sardo 300g', 'Queso sardo firme', 300.00, 450.00, 100, 6, 2, '779123450006', '2025-06-11 22:35:24'),
	(112, 'Leche Ilolay UAT 1L', 'Leche larga vida entera', 180.00, 270.00, 160, 48, 1, '779123450007', '2025-06-11 22:35:24'),
	(113, 'Helado Havanna 1L', 'Helado crema cookies', 350.00, 520.00, 90, 13, 4, '779123450008', '2025-06-11 22:35:24'),
	(114, 'Galletitas Chocolinas Bagley', 'Galletitas chocolate', 120.00, 160.00, 200, 3, 5, '779123450009', '2025-06-11 22:35:24'),
	(116, 'Arroz Gallo Perdigón 1kg', 'Arroz redondo', 200.00, 280.00, 130, 3, 20, '779123450011', '2025-06-11 22:35:24'),
	(117, 'Fideos Matarazzo 500g', 'Spaghetti tradicionales', 150.00, 230.00, 140, 3, 19, '779123450012', '2025-06-11 22:35:24'),
	(118, 'Aceite de Girasol Natura 1L', 'Aceite de girasol puro', 220.00, 320.00, 150, 42, 16, '779123450013', '2025-06-11 22:35:24'),
	(119, 'Mayonesa Hellmann\'s 475g', 'Mayonesa clásica', 250.00, 360.00, 140, 50, 17, '779123450014', '2025-06-11 22:35:24'),
	(120, 'Ketchup Knorr 500g', 'Salsa ketchup', 200.00, 290.00, 130, 51, 18, '779123450015', '2025-06-11 22:35:24'),
	(121, 'Atún La Campagnola 170g', 'Atún en agua', 180.00, 260.00, 110, 49, 9, '779123450016', '2025-06-11 22:35:24'),
	(122, 'Leche en polvo La Serenísima 400g', 'Leche en polvo instantánea', 300.00, 420.00, 120, 1, 1, '779123450017', '2025-06-11 22:35:24'),
	(123, 'Café La Virginia 250g', 'Café molido tradicional', 280.00, 400.00, 140, 45, 22, '779123450018', '2025-06-11 22:35:24'),
	(124, 'Yerba Mate Amanda 500g', 'Yerba tradicional Amanda', 260.00, 370.00, 130, 5, 23, '779123450019', '2025-06-11 22:35:24'),
	(125, 'Yerba Mate Playadito 1kg', 'Yerba con palo', 480.00, 700.00, 120, 5, 23, '779123450020', '2025-06-11 22:35:24'),
	(126, 'Agua Manaos 2L', 'Agua mineral Manaos', 100.00, 150.00, 200, 100, 11, '779123450021', '2025-06-11 22:35:24'),
	(127, 'Manaos Pomelo 2L', 'Gaseosa sabor pomelo', 200.00, 290.00, 180, 100, 11, '779123450022', '2025-06-11 22:35:24'),
	(128, 'Cunnington Tónica 1.5L', 'Gaseosa tónica Cunnington', 200.00, 300.00, 160, 31, 11, '779123450023', '2025-06-11 22:35:24'),
	(129, 'Fernet Branca 750ml', 'Fernet clásico', 750.00, 1100.00, 80, 32, 11, '779123450024', '2025-06-11 22:35:24'),
	(130, 'Coca-Cola 2.25L', 'Gaseosa Coca‑Cola', 400.00, 650.00, 150, 33, 11, '779123450025', '2025-06-11 22:35:24'),
	(131, 'Gaseosa Sprite 2.25L', 'Gaseosa Sprite', 380.00, 620.00, 140, 33, 11, '779123450026', '2025-06-11 22:35:24'),
	(132, 'Pizza Fugazzeta Don Satur 500g', 'Pizza congelada clásica', 600.00, 850.00, 100, 34, 15, '779123450027', '2025-06-11 22:35:24'),
	(133, 'Natilla Arcor Chocolate 170g', 'Postre lácteo', 220.00, 330.00, 160, 3, 4, '779123450028', '2025-06-11 22:35:24'),
	(134, 'Yogurísimo Saborizado 125g', 'Yogur bebible', 100.00, 150.00, 200, 5, 3, '779123450029', '2025-06-11 22:35:24'),
	(135, 'Jugo Cepita Naranja 1L', 'Jugo de naranja exprimido', 180.00, 260.00, 140, 64, 10, '779123450030', '2025-06-11 22:35:24'),
	(136, 'Arvejas Marolio 400g', 'Arvejas marca Marolio', 160.00, 240.00, 120, 52, 9, '779123450031', '2025-06-11 22:35:24'),
	(137, 'Harina Pureza 0000 1kg', 'Harina para pastel', 120.00, 180.00, 200, 8, 42, '779123450032', '2025-06-11 22:35:24'),
	(138, 'Azúcar Ledesma 1kg', 'Azúcar blanca', 140.00, 200.00, 180, 14, 42, '779123450033', '2025-06-11 22:35:24'),
	(139, 'Yerba Mate Cruz de Malta 1kg', 'Yerba tradicional', 480.00, 700.00, 130, 5, 23, '779123450034', '2025-06-11 22:35:24'),
	(140, 'Leche Chocolatada Ilolay 1L', 'Leche sabor chocolate', 200.00, 300.00, 150, 48, 1, '779123450035', '2025-06-11 22:35:24'),
	(141, 'Queso Cremón La Serenísima 300g', 'Queso cremoso para picada', 320.00, 460.00, 110, 1, 2, '779123450036', '2025-06-11 22:35:24'),
	(142, 'Jugo Levité Pomelo 1.5L', 'Bebida saborizada', 180.00, 270.00, 140, 30, 10, '779123450037', '2025-06-11 22:35:24'),
	(143, 'Yerba Mate CBSé Pomelo 500g', 'Yerba saborizada', 260.00, 380.00, 120, 5, 23, '779123450038', '2025-06-11 22:35:24'),
	(144, 'Yerba Mate CBSé Energy 500g', 'Yerba con energía', 260.00, 380.00, 110, 5, 23, '779123450039', '2025-06-11 22:35:24'),
	(145, 'Harina Morixe 000 1kg', 'Harina común', 120.00, 180.00, 170, 8, 42, '779123450040', '2025-06-11 22:35:24'),
	(146, 'Papel Higiénico Elite 6 unid', 'Pack papel higiénico', 400.00, 600.00, 200, 45, 46, '779123450041', '2025-06-11 22:35:24'),
	(147, 'Detergente Ala Matic 1.5L', 'Detergente líquido concentrado', 600.00, 900.00, 120, 45, 46, '779123450042', '2025-06-11 22:35:24'),
	(148, 'Shampoo Sedal 360ml', 'Shampoo nutrición', 350.00, 520.00, 140, 45, 45, '779123450043', '2025-06-11 22:35:24'),
	(149, 'Crema Dental Colgate Total 90g', 'Pasta dental antiplaca', 300.00, 450.00, 150, 9, 45, '779123450044', '2025-06-11 22:35:24'),
	(150, 'Jugo Tang Naranja 500g', 'Bebida en polvo sabor naranja', 150.00, 220.00, 160, 45, 12, '779123450045', '2025-06-11 22:35:24'),
	(151, 'Yerba Mate Playadito Suave 500g', 'Yerba saborizada suave', 260.00, 370.00, 130, 5, 23, '779123450046', '2025-06-11 22:35:24'),
	(152, 'Aceite Lira Girasol 1L', 'Aceite girasol marca Lira', 210.00, 310.00, 140, 8, 16, '779123450047', '2025-06-11 22:35:24'),
	(153, 'Gaseosa Manaos Cola 2L', 'Refresco cola económico', 200.00, 290.00, 180, 100, 11, '779123450048', '2025-06-11 22:35:24'),
	(154, 'Yerba Mate Nobleza Gaucha 1kg', 'Yerba tradicional', 470.00, 680.00, 120, 5, 23, '779123450049', '2025-06-11 22:35:24'),
	(155, 'Yerba Mate Amanda Suave 500g', 'Yerba suave en bolsa', 260.00, 370.00, 110, 5, 23, '779123450050', '2025-06-11 22:35:24'),
	(156, 'Crema de leche La Serenísima 200ml', 'Crema de leche entera pasteurizada ideal para cocina y postres.', 250.00, 350.00, 100, 1, 1, NULL, '2025-06-23 05:11:47'),
	(157, 'Puré de Tomate Molto 520g', 'Puré de tomate tradicional', 85.00, 120.00, 100, 46, 15, '779800001001', '2025-07-02 22:02:54'),
	(158, 'Lentejas Molto 400g', 'Lentejas cocidas listas para consumir', 90.00, 130.00, 80, 46, 2, '779800001002', '2025-07-02 22:02:54'),
	(159, 'Garbanzos Molto 400g', 'Garbanzos cocidos al natural', 95.00, 135.00, 70, 46, 2, '779800001003', '2025-07-02 22:02:54'),
	(160, 'Choclo en Grano Molto 300g', 'Choclo amarillo en lata', 88.00, 125.00, 85, 46, 2, '779800001004', '2025-07-02 22:02:54'),
	(161, 'Arvejas Molto 300g', 'Arvejas verdes al natural', 87.00, 122.00, 90, 46, 2, '779800001005', '2025-07-02 22:02:54'),
	(162, 'Salsa Lista Molto Tradicional 340g', 'Salsa lista con tomates seleccionados', 75.00, 110.00, 95, 46, 15, '779800001006', '2025-07-02 22:02:54'),
	(163, 'Salsa Bolognesa Molto 340g', 'Salsa con carne picada', 98.00, 145.00, 60, 46, 15, '779800001007', '2025-07-02 22:02:54'),
	(164, 'Salsa Fileto Molto 340g', 'Salsa de tomate con cebolla', 92.00, 135.00, 70, 46, 15, '779800001008', '2025-07-02 22:02:54'),
	(165, 'Salsa Napolitana Molto 340g', 'Salsa con tomate y ajo', 90.00, 130.00, 85, 46, 15, '779800001009', '2025-07-02 22:02:54'),
	(166, 'Salsa Cuatro Quesos Molto 340g', 'Salsa con mix de quesos', 110.00, 160.00, 40, 46, 15, '779800001010', '2025-07-02 22:02:54'),
	(167, 'Fideos Spaghetti Molto 500g', 'Pasta seca tipo spaghetti', 65.00, 95.00, 120, 46, 6, '779800001011', '2025-07-02 22:02:54'),
	(168, 'Fideos Mostachol Molto 500g', 'Pasta corta tipo mostachol', 65.00, 95.00, 100, 46, 6, '779800001012', '2025-07-02 22:02:54'),
	(169, 'Fideos Tirabuzón Molto 500g', 'Pasta en forma de espiral', 65.00, 95.00, 110, 46, 6, '779800001013', '2025-07-02 22:02:54'),
	(170, 'Fideos Rigatti Molto 500g', 'Pasta tipo rigatti', 65.00, 95.00, 105, 46, 6, '779800001014', '2025-07-02 22:02:54'),
	(171, 'Fideos Codito Molto 500g', 'Pasta tipo codito', 65.00, 95.00, 115, 46, 6, '779800001015', '2025-07-02 22:02:54'),
	(172, 'Fideos Cinta Molto 500g', 'Pasta tipo cinta ancha', 68.00, 100.00, 90, 46, 6, '779800001016', '2025-07-02 22:02:54'),
	(173, 'Fideos Ñoquis Molto 500g', 'Pasta tipo ñoquis secos', 70.00, 105.00, 85, 46, 6, '779800001017', '2025-07-02 22:02:54'),
	(174, 'Fideos con Vegetales Molto 500g', 'Pasta con vegetales deshidratados', 72.00, 110.00, 75, 46, 6, '779800001018', '2025-07-02 22:02:54'),
	(175, 'Fideos Integrales Molto 500g', 'Pasta integral', 78.00, 115.00, 60, 46, 6, '779800001019', '2025-07-02 22:02:54'),
	(176, 'Fideos Sin Gluten Molto 300g', 'Pasta libre de gluten', 90.00, 130.00, 50, 46, 6, '779800001020', '2025-07-02 22:02:54'),
	(177, 'Tomates Perita Molto 400g', 'Tomates perita pelados enteros', 100.00, 140.00, 95, 46, 2, '779800001021', '2025-07-02 22:02:54'),
	(178, 'Chauchas Molto 300g', 'Chauchas verdes en conserva', 93.00, 130.00, 60, 46, 2, '779800001022', '2025-07-02 22:02:54'),
	(179, 'Remolachas Molto 300g', 'Remolachas en rodajas', 92.00, 128.00, 55, 46, 2, '779800001023', '2025-07-02 22:02:54'),
	(180, 'Zanahorias Molto 300g', 'Zanahorias en conserva', 89.00, 125.00, 58, 46, 2, '779800001024', '2025-07-02 22:02:54'),
	(181, 'Mix de Vegetales Molto 300g', 'Ensalada primavera', 100.00, 140.00, 45, 46, 2, '779800001025', '2025-07-02 22:02:54'),
	(182, 'Dulce de Batata Molto 500g', 'Dulce de batata clásico', 95.00, 135.00, 70, 46, 4, '779800001026', '2025-07-02 22:02:54'),
	(183, 'Dulce de Membrillo Molto 500g', 'Dulce de membrillo clásico', 95.00, 135.00, 68, 46, 4, '779800001027', '2025-07-02 22:02:54'),
	(184, 'Dulce Mixto Molto 500g', 'Mitad batata, mitad membrillo', 98.00, 138.00, 60, 46, 4, '779800001028', '2025-07-02 22:02:54'),
	(185, 'Duraznos en Almíbar Molto 820g', 'Duraznos amarillos en almíbar', 120.00, 160.00, 50, 46, 4, '779800001029', '2025-07-02 22:02:54'),
	(186, 'Peras en Almíbar Molto 820g', 'Peras en mitades', 120.00, 160.00, 52, 46, 4, '779800001030', '2025-07-02 22:02:54'),
	(187, 'Chimichurri Molto 200ml', 'Salsa clásica para carnes', 65.00, 95.00, 75, 46, 15, '779800001031', '2025-07-02 22:02:54'),
	(188, 'Salsa Criolla Molto 200ml', 'Salsa típica argentina', 65.00, 95.00, 78, 46, 15, '779800001032', '2025-07-02 22:02:54'),
	(189, 'Aceitunas Verdes Molto 300g', 'Aceitunas descarozadas', 115.00, 155.00, 65, 46, 2, '779800001033', '2025-07-02 22:02:54'),
	(190, 'Aceitunas Negras Molto 300g', 'Aceitunas negras en salmuera', 118.00, 158.00, 60, 46, 2, '779800001034', '2025-07-02 22:02:54'),
	(191, 'Pickles Molto 300g', 'Pickles en vinagre', 110.00, 150.00, 55, 46, 2, '779800001035', '2025-07-02 22:02:54'),
	(192, 'Alubias Molto 400g', 'Porotos alubias cocidos', 94.00, 132.00, 70, 46, 2, '779800001036', '2025-07-02 22:02:54'),
	(193, 'Porotos Negros Molto 400g', 'Porotos negros cocidos', 94.00, 132.00, 68, 46, 2, '779800001037', '2025-07-02 22:02:54'),
	(194, 'Harina de Maíz Molto 1kg', 'Harina de maíz para polenta', 120.00, 150.00, 85, 46, 1, '779800001038', '2025-07-02 22:02:54'),
	(195, 'Polenta Lista Molto 500g', 'Polenta instantánea', 90.00, 130.00, 100, 46, 1, '779800001039', '2025-07-02 22:02:54'),
	(196, 'Arroz Largo Fino Molto 1kg', 'Arroz blanco largo fino', 140.00, 180.00, 90, 46, 1, '779800001040', '2025-07-02 22:02:54'),
	(197, 'Sémola Molto 500g', 'Sémola de trigo para preparar postres', 80.00, 115.00, 95, 46, 1, '779800001041', '2025-07-02 22:02:54'),
	(198, 'Cereales Molto Mix 300g', 'Cereales con frutos secos', 150.00, 200.00, 40, 46, 1, '779800001042', '2025-07-02 22:02:54'),
	(199, 'Pan Rallado Molto 500g', 'Pan rallado clásico', 85.00, 120.00, 120, 46, 1, '779800001043', '2025-07-02 22:02:54'),
	(200, 'Rebozador Molto 500g', 'Rebozador saborizado', 88.00, 125.00, 110, 46, 1, '779800001044', '2025-07-02 22:02:54'),
	(201, 'Salsa Picante Molto 150ml', 'Salsa picante tipo mexicana', 100.00, 140.00, 30, 46, 15, '779800001045', '2025-07-02 22:02:54'),
	(202, 'Mayonesa Molto 500g', 'Mayonesa tradicional', 120.00, 165.00, 50, 46, 15, '779800001046', '2025-07-02 22:02:54'),
	(203, 'Ketchup Molto 500g', 'Ketchup con sabor a tomate maduro', 115.00, 160.00, 55, 46, 15, '779800001047', '2025-07-02 22:02:54'),
	(204, 'Mostaza Molto 500g', 'Mostaza suave', 110.00, 150.00, 65, 46, 15, '779800001048', '2025-07-02 22:02:54'),
	(205, 'Fideos Lasagna Molto 500g', 'Láminas para lasagna', 75.00, 110.00, 70, 46, 6, '779800001049', '2025-07-02 22:02:54'),
	(206, 'Ravioles Secos Molto 500g', 'Pasta rellena deshidratada', 130.00, 175.00, 40, 46, 6, '779800001050', '2025-07-02 22:02:54'),
	(257, 'Leche Entera La Serenísima 1L', 'Leche entera larga vida', 130.00, 180.00, 150, 1, 7, '779100000001', '2025-07-02 22:17:51'),
	(258, 'Leche Descremada La Serenísima 1L', 'Leche descremada larga vida', 125.00, 175.00, 130, 1, 7, '779100000002', '2025-07-02 22:17:51'),
	(259, 'Leche Parcialmente Descremada La Serenísima 1L', 'Leche parcialmente descremada', 128.00, 178.00, 140, 1, 7, '779100000003', '2025-07-02 22:17:51'),
	(260, 'Leche Chocolatada La Serenísima 1L', 'Leche sabor chocolate', 140.00, 190.00, 100, 1, 7, '779100000004', '2025-07-02 22:17:51'),
	(261, 'Leche Infantil La Serenísima 1L', 'Leche especial para niños', 170.00, 220.00, 80, 1, 7, '779100000005', '2025-07-02 22:17:51'),
	(262, 'Yogur Bebible Frutilla 1L', 'Yogur bebible sabor frutilla', 160.00, 210.00, 120, 1, 7, '779100000006', '2025-07-02 22:17:51'),
	(263, 'Yogur Bebible Vainilla 1L', 'Yogur bebible sabor vainilla', 160.00, 210.00, 115, 1, 7, '779100000007', '2025-07-02 22:17:51'),
	(264, 'Yogur Bebible Durazno 1L', 'Yogur bebible sabor durazno', 160.00, 210.00, 115, 1, 7, '779100000008', '2025-07-02 22:17:51'),
	(265, 'Yogur Bebible Multifruta 1L', 'Yogur con sabores combinados', 165.00, 215.00, 100, 1, 7, '779100000009', '2025-07-02 22:17:51'),
	(266, 'Yogur Natural 1kg', 'Yogur natural sin sabor', 170.00, 225.00, 90, 1, 7, '779100000010', '2025-07-02 22:17:51'),
	(267, 'Queso Cremoso La Serenísima 500g', 'Queso fresco tradicional', 450.00, 600.00, 60, 1, 7, '779100000011', '2025-07-02 22:17:51'),
	(268, 'Queso Port Salut La Serenísima 500g', 'Queso semiduro suave', 470.00, 620.00, 55, 1, 7, '779100000012', '2025-07-02 22:17:51'),
	(269, 'Queso Muzzarella La Serenísima 500g', 'Queso para pizza', 480.00, 630.00, 70, 1, 7, '779100000013', '2025-07-02 22:17:51'),
	(270, 'Queso Rallado La Serenísima 100g', 'Queso rallado natural', 150.00, 200.00, 85, 1, 7, '779100000014', '2025-07-02 22:17:51'),
	(272, 'Manteca sin sal La Serenísima 200g', 'Manteca sin sal', 210.00, 280.00, 95, 1, 7, '779100000016', '2025-07-02 22:17:51'),
	(273, 'Crema de Leche 200ml', 'Crema líquida para cocinar', 160.00, 220.00, 90, 1, 7, '779100000017', '2025-07-02 22:17:51'),
	(274, 'Crema Doble La Serenísima 200ml', 'Crema con mayor tenor graso', 180.00, 240.00, 80, 1, 7, '779100000018', '2025-07-02 22:17:51'),
	(275, 'Dulce de Leche Clásico 400g', 'Dulce de leche clásico argentino', 220.00, 290.00, 75, 1, 4, '779100000019', '2025-07-02 22:17:51'),
	(276, 'Dulce de Leche Repostero 400g', 'Dulce de leche más espeso', 230.00, 300.00, 70, 1, 4, '779100000020', '2025-07-02 22:17:51'),
	(277, 'Flan de Vainilla 120g', 'Postre de vainilla listo para servir', 90.00, 120.00, 100, 1, 4, '779100000021', '2025-07-02 22:17:51'),
	(278, 'Flan de Dulce de Leche 120g', 'Postre individual', 95.00, 130.00, 90, 1, 4, '779100000022', '2025-07-02 22:17:51'),
	(279, 'Postre Chocolatada 120g', 'Postre lácteo con sabor chocolate', 95.00, 130.00, 85, 1, 4, '779100000023', '2025-07-02 22:17:51'),
	(280, 'Postre Frutilla 120g', 'Postre lácteo sabor frutilla', 95.00, 130.00, 85, 1, 4, '779100000024', '2025-07-02 22:17:51'),
	(281, 'Leche en Polvo Entera 400g', 'Leche entera en polvo', 400.00, 550.00, 50, 1, 1, '779100000025', '2025-07-02 22:17:51'),
	(282, 'Leche en Polvo Descremada 400g', 'Leche descremada en polvo', 390.00, 540.00, 55, 1, 1, '779100000026', '2025-07-02 22:17:51'),
	(283, 'Queso Untable Clásico 290g', 'Queso crema para untar', 210.00, 280.00, 60, 1, 7, '779100000027', '2025-07-02 22:17:51'),
	(284, 'Queso Untable Light 290g', 'Queso crema bajo en calorías', 215.00, 285.00, 55, 1, 7, '779100000028', '2025-07-02 22:17:51'),
	(285, 'Yogur con Cereal Frutilla 160g', 'Yogur con granola y frutas', 110.00, 150.00, 80, 1, 7, '779100000029', '2025-07-02 22:17:51'),
	(286, 'Yogur con Cereal Vainilla 160g', 'Yogur con crocante', 110.00, 150.00, 85, 1, 7, '779100000030', '2025-07-02 22:17:51'),
	(287, 'Postre de Banana Split 120g', 'Postre lácteo sabor banana/chocolate', 98.00, 135.00, 70, 1, 4, '779100000031', '2025-07-02 22:17:51'),
	(288, 'Flan Light La Serenísima 120g', 'Postre bajo en calorías', 95.00, 130.00, 75, 1, 4, '779100000032', '2025-07-02 22:17:51'),
	(289, 'Yogur Pro Vital 1L', 'Yogur con probióticos', 165.00, 220.00, 60, 1, 42, '779100000033', '2025-07-02 22:17:51'),
	(290, 'Yogur Pro Vital Bebible 1L', 'Yogur funcional líquido', 165.00, 220.00, 65, 1, 42, '779100000034', '2025-07-02 22:17:51'),
	(291, 'Leche UAT Sin Lactosa 1L', 'Leche deslactosada larga vida', 145.00, 190.00, 75, 1, 7, '779100000035', '2025-07-02 22:17:51'),
	(292, 'Queso Finlandia 290g', 'Queso untable especial', 250.00, 310.00, 50, 1, 7, '779100000036', '2025-07-02 22:17:51'),
	(293, 'Queso Barra La Serenísima 300g', 'Queso tipo barra semiduro', 280.00, 340.00, 45, 1, 7, '779100000037', '2025-07-02 22:17:51'),
	(294, 'Yogur Griego Natural 150g', 'Yogur griego sin sabor', 125.00, 160.00, 85, 1, 7, '779100000038', '2025-07-02 22:17:51'),
	(295, 'Yogur Griego Frutilla 150g', 'Yogur griego saborizado', 125.00, 160.00, 80, 1, 7, '779100000039', '2025-07-02 22:17:51'),
	(296, 'Yogur Griego Arándanos 150g', 'Yogur griego con arándanos', 125.00, 160.00, 78, 1, 7, '779100000040', '2025-07-02 22:17:51'),
	(297, 'Leche Orgánica 1L', 'Leche de producción orgánica', 160.00, 210.00, 60, 1, 7, '779100000041', '2025-07-02 22:17:51'),
	(298, 'Yogur Bebible Sin Azúcar 1L', 'Yogur sin azúcar agregada', 160.00, 210.00, 65, 1, 7, '779100000042', '2025-07-02 22:17:51'),
	(299, 'Manteca Clarificada 200g', 'Ghee natural', 250.00, 330.00, 30, 1, 7, '779100000043', '2025-07-02 22:17:51'),
	(300, 'Queso Azul 150g', 'Queso de moho azul', 300.00, 380.00, 20, 1, 7, '779100000044', '2025-07-02 22:17:51'),
	(301, 'Yogur Kids Frutilla 100g', 'Yogur para niños', 85.00, 110.00, 90, 1, 7, '779100000045', '2025-07-02 22:17:51'),
	(302, 'Yogur Kids Banana 100g', 'Yogur infantil sabor banana', 85.00, 110.00, 88, 1, 7, '779100000046', '2025-07-02 22:17:51'),
	(303, 'Crema Chantilly 200ml', 'Crema lista para batir', 170.00, 225.00, 40, 1, 4, '779100000047', '2025-07-02 22:17:51'),
	(304, 'Postre Clásico Vainilla-Chocolate 120g', 'Combinación de sabores', 95.00, 130.00, 70, 1, 4, '779100000048', '2025-07-02 22:17:51'),
	(305, 'Flan Familiar 500g', 'Flan tamaño familiar', 180.00, 240.00, 45, 1, 4, '779100000049', '2025-07-02 22:17:51'),
	(306, 'Postre Familiar Chocolate 500g', 'Postre lácteo tamaño familiar', 185.00, 250.00, 40, 1, 4, '779100000050', '2025-07-02 22:17:51'),
	(357, 'Galletitas Chocolinas Terrabusi 150g', 'Galletitas de chocolate clásicas', 130.00, 180.00, 100, 5, 5, '779200000001', '2025-07-02 23:10:55'),
	(358, 'Galletitas Lincoln Terrabusi 200g', 'Galletitas dulces sabor vainilla', 125.00, 175.00, 90, 5, 5, '779200000002', '2025-07-02 23:10:55'),
	(359, 'Galletitas Variedad Terrabusi 300g', 'Mix de galletitas clásicas', 150.00, 200.00, 80, 5, 5, '779200000003', '2025-07-02 23:10:55'),
	(360, 'Galletitas Sonrisas Terrabusi 150g', 'Rellenas con crema sabor frutilla', 135.00, 185.00, 85, 5, 5, '779200000004', '2025-07-02 23:10:55'),
	(361, 'Galletitas Mini Lincoln 100g', 'Versión mini de Lincoln', 110.00, 150.00, 95, 5, 5, '779200000005', '2025-07-02 23:10:55'),
	(362, 'Galletitas Express Terrabusi 130g', 'Saladas tipo cracker', 120.00, 160.00, 80, 5, 5, '779200000006', '2025-07-02 23:10:55'),
	(363, 'Galletitas Frutigran Terrabusi 250g', 'Con avena y frutas', 170.00, 220.00, 60, 5, 5, '779200000007', '2025-07-02 23:10:55'),
	(364, 'Galletitas Anillos Terrabusi 120g', 'Galletitas crocantes con forma de anillo', 130.00, 170.00, 75, 5, 5, '779200000008', '2025-07-02 23:10:55'),
	(365, 'Galletitas Tita Terrabusi 35g', 'Oblea con dulce de leche y cobertura', 60.00, 90.00, 150, 5, 25, '779200000009', '2025-07-02 23:10:55'),
	(366, 'Galletitas Rhodesia Terrabusi 35g', 'Oblea con relleno cítrico y cobertura', 60.00, 90.00, 150, 5, 25, '779200000010', '2025-07-02 23:10:55'),
	(367, 'Alfajor Tita Terrabusi Doble 55g', 'Alfajor doble con cobertura', 80.00, 110.00, 130, 5, 25, '779200000011', '2025-07-02 23:10:55'),
	(368, 'Alfajor Terrabusi Triple Chocolate', 'Alfajor triple con baño de chocolate', 120.00, 160.00, 100, 5, 25, '779200000012', '2025-07-02 23:10:55'),
	(369, 'Alfajor Terrabusi Blanco', 'Alfajor bañado con chocolate blanco', 115.00, 155.00, 95, 5, 25, '779200000013', '2025-07-02 23:10:55'),
	(370, 'Alfajor Terrabusi Clásico', 'Alfajor tradicional con dulce de leche', 110.00, 150.00, 105, 5, 25, '779200000014', '2025-07-02 23:10:55'),
	(371, 'Alfajor Terrabusi Mini Pack x6', 'Pack de alfajores mini', 300.00, 400.00, 70, 5, 25, '779200000015', '2025-07-02 23:10:55'),
	(372, 'Chocolatina Terrabusi Clásica', 'Chocolate con leche', 90.00, 130.00, 120, 5, 25, '779200000016', '2025-07-02 23:10:55'),
	(373, 'Chocolatina Terrabusi Almendras', 'Chocolate con trozos de almendras', 100.00, 140.00, 90, 5, 25, '779200000017', '2025-07-02 23:10:55'),
	(374, 'Chocolatina Terrabusi Cereal', 'Chocolate con cereal crocante', 100.00, 140.00, 85, 5, 25, '779200000018', '2025-07-02 23:10:55'),
	(375, 'Barra Terrabusi Chocolate y Maní', 'Barra energética con maní', 110.00, 145.00, 95, 5, 1, '779200000019', '2025-07-02 23:10:55'),
	(376, 'Barra Terrabusi Mix Frutas', 'Barra con frutas secas', 115.00, 150.00, 90, 5, 1, '779200000020', '2025-07-02 23:10:55'),
	(377, 'Galletitas Avena y Miel 250g', 'Galletitas con avena y miel', 160.00, 210.00, 70, 5, 5, '779200000021', '2025-07-02 23:10:55'),
	(378, 'Galletitas Avena y Chocolate 250g', 'Galletitas saludables con chispas', 165.00, 215.00, 65, 5, 5, '779200000022', '2025-07-02 23:10:55'),
	(379, 'Turrón Terrabusi 20g', 'Turrón de maní clásico', 50.00, 75.00, 180, 5, 4, '779200000023', '2025-07-02 23:10:55'),
	(380, 'Turrón de Arroz Terrabusi', 'Turrón de arroz con miel', 55.00, 80.00, 175, 5, 4, '779200000024', '2025-07-02 23:10:55'),
	(381, 'Chocotorta Pack', 'Kit de galletitas y dulce para preparar', 300.00, 400.00, 60, 5, 4, '779200000025', '2025-07-02 23:10:55'),
	(382, 'Terrabusi Dulce de Leche 400g', 'Dulce de leche clásico', 200.00, 270.00, 80, 5, 4, '779200000026', '2025-07-02 23:10:55'),
	(383, 'Chocolinas XL 300g', 'Galletitas Chocolinas tamaño familiar', 180.00, 240.00, 75, 5, 5, '779200000027', '2025-07-02 23:10:55'),
	(384, 'Lincoln XL 300g', 'Galletitas Lincoln familiar', 170.00, 230.00, 70, 5, 5, '779200000028', '2025-07-02 23:10:55'),
	(385, 'Cookies Terrabusi Chips 250g', 'Cookies con chips de chocolate', 190.00, 260.00, 60, 5, 5, '779200000029', '2025-07-02 23:10:55'),
	(386, 'Cookies Terrabusi Rellenas 250g', 'Cookies con relleno cremoso', 200.00, 270.00, 65, 5, 5, '779200000030', '2025-07-02 23:10:55'),
	(387, 'Snack Galletitas Saladas 150g', 'Galletitas crocantes saladas', 130.00, 180.00, 95, 5, 5, '779200000031', '2025-07-02 23:10:55'),
	(388, 'Wafers Terrabusi Chocolate 120g', 'Wafers rellenos sabor chocolate', 140.00, 190.00, 85, 5, 5, '779200000032', '2025-07-02 23:10:55'),
	(389, 'Wafers Terrabusi Vainilla 120g', 'Wafers rellenos sabor vainilla', 140.00, 190.00, 80, 5, 5, '779200000033', '2025-07-02 23:10:55'),
	(390, 'Galletitas Terrabusi Kids 120g', 'Galletitas con formas infantiles', 130.00, 170.00, 90, 5, 5, '779200000034', '2025-07-02 23:10:55'),
	(391, 'Terrabusi Mix Familiar', 'Combinación de galletitas clásicas', 220.00, 290.00, 60, 5, 5, '779200000035', '2025-07-02 23:10:55'),
	(392, 'Pack Escolar Terrabusi', 'Combo de snacks para chicos', 300.00, 380.00, 70, 5, 5, '779200000036', '2025-07-02 23:10:55'),
	(393, 'Pack Merienda Terrabusi', 'Combo para el recreo', 320.00, 400.00, 65, 5, 5, '779200000037', '2025-07-02 23:10:55'),
	(394, 'Budín Terrabusi Vainilla 220g', 'Budín sabor vainilla', 190.00, 250.00, 80, 5, 4, '779200000038', '2025-07-02 23:10:55'),
	(395, 'Budín Terrabusi Marmolado 220g', 'Budín marmolado chocolate-vainilla', 195.00, 255.00, 75, 5, 4, '779200000039', '2025-07-02 23:10:55'),
	(396, 'Budín Terrabusi Frutas 220g', 'Budín con frutas confitadas', 195.00, 255.00, 70, 5, 4, '779200000040', '2025-07-02 23:10:55'),
	(397, 'Chocolatina Mini Tita x4', 'Mini Titas en pack', 160.00, 220.00, 85, 5, 25, '779200000041', '2025-07-02 23:10:55'),
	(398, 'Chocolatina Mini Rhodesia x4', 'Mini Rhodesias en pack', 160.00, 220.00, 85, 5, 25, '779200000042', '2025-07-02 23:10:55'),
	(399, 'Mix Golosinas Terrabusi', 'Mix de golosinas clásicas', 250.00, 320.00, 55, 5, 25, '779200000043', '2025-07-02 23:10:55'),
	(400, 'Tita XL 80g', 'Tita extra grande', 120.00, 170.00, 70, 5, 25, '779200000044', '2025-07-02 23:10:55'),
	(401, 'Rhodesia XL 80g', 'Rhodesia extra grande', 120.00, 170.00, 70, 5, 25, '779200000045', '2025-07-02 23:10:55'),
	(402, 'Barra Cereal Chocolate 25g', 'Barrita de cereal con chocolate', 75.00, 110.00, 100, 5, 1, '779200000046', '2025-07-02 23:10:55'),
	(403, 'Barra Cereal Frutos Rojos 25g', 'Barrita de cereal con frutos rojos', 75.00, 110.00, 100, 5, 1, '779200000047', '2025-07-02 23:10:55'),
	(404, 'Bizcochitos Terrabusi 200g', 'Bizcochitos de grasa', 140.00, 190.00, 90, 5, 5, '779200000048', '2025-07-02 23:10:55'),
	(405, 'Bizcochitos de Salvado 200g', 'Bizcochitos integrales', 145.00, 195.00, 85, 5, 5, '779200000049', '2025-07-02 23:10:55'),
	(406, 'Bizcochitos Dulces 200g', 'Bizcochitos saborizados', 145.00, 195.00, 85, 5, 5, '779200000050', '2025-07-02 23:10:55'),
	(1107, 'Morron Amarillo', 'Morron Amarillo fresca y de alta calidad', 83.14, 111.91, 151, 104, 56, '7791000000000', '2025-09-24 22:02:37'),
	(1108, 'Rabanito', 'Rabanito fresca y de alta calidad', 183.10, 255.81, 78, 104, 56, '7791000000001', '2025-09-24 22:02:37'),
	(1109, 'Cebolla', 'Cebolla fresca y de alta calidad', 131.87, 168.35, 92, 104, 56, '7791000000002', '2025-09-24 22:02:37'),
	(1110, 'Col de Bruselas', 'Col de Bruselas fresca y de alta calidad', 67.66, 87.09, 83, 104, 56, '7791000000003', '2025-09-24 22:02:37'),
	(1111, 'Cebolla de Verdeo', 'Cebolla de Verdeo fresca y de alta calidad', 179.42, 228.26, 47, 104, 56, '7791000000004', '2025-09-24 22:02:37'),
	(1112, 'Champignon', 'Champignon fresca y de alta calidad', 193.12, 243.93, 161, 104, 56, '7791000000005', '2025-09-24 22:02:37'),
	(1114, 'Endivia', 'Endivia fresca y de alta calidad', 79.85, 98.56, 164, 104, 56, '7791000000007', '2025-09-24 22:02:37'),
	(1115, 'Repollo', 'Repollo fresca y de alta calidad', 168.04, 205.65, 128, 104, 56, '7791000000008', '2025-09-24 22:02:37'),
	(1116, 'Tomate', 'Tomate fresca y de alta calidad', 108.00, 158.35, 99, 104, 56, '7791000000009', '2025-09-24 22:02:37'),
	(1117, 'Hinojo', 'Hinojo fresca y de alta calidad', 144.92, 201.23, 79, 104, 56, '7791000000010', '2025-09-24 22:02:37'),
	(1118, 'Zanahoria', 'Zanahoria fresca y de alta calidad', 179.16, 234.71, 185, 104, 56, '7791000000011', '2025-09-24 22:02:37'),
	(1119, 'Calabaza', 'Calabaza fresca y de alta calidad', 118.15, 152.91, 97, 104, 56, '7791000000012', '2025-09-24 22:02:37'),
	(1121, 'Escarola', 'Escarola fresca y de alta calidad', 107.82, 156.79, 187, 104, 56, '7791000000014', '2025-09-24 22:02:37'),
	(1122, 'Kale', 'Kale fresca y de alta calidad', 118.03, 161.99, 194, 104, 56, '7791000000015', '2025-09-24 22:02:37'),
	(1123, 'Ciboulette', 'Ciboulette fresca y de alta calidad', 172.62, 258.21, 63, 104, 56, '7791000000016', '2025-09-24 22:02:37'),
	(1124, 'Mostaza Verde', 'Mostaza Verde fresca y de alta calidad', 97.89, 117.49, 39, 104, 56, '7791000000017', '2025-09-24 22:02:37'),
	(1126, 'Puerro', 'Puerro fresca y de alta calidad', 177.20, 231.34, 109, 104, 56, '7791000000019', '2025-09-24 22:02:37'),
	(1128, 'Morron Rojo', 'Morron Rojo fresca y de alta calidad', 199.59, 261.31, 101, 104, 56, '7791000000021', '2025-09-24 22:02:37'),
	(1129, 'Rucula', 'Rucula fresca y de alta calidad', 100.60, 127.72, 98, 104, 56, '7791000000022', '2025-09-24 22:02:37'),
	(1130, 'Quinoa Verde', 'Quinoa Verde fresca y de alta calidad', 171.37, 235.32, 163, 104, 56, '7791000000023', '2025-09-24 22:02:37'),
	(1131, 'Mandioca', 'Mandioca fresca y de alta calidad', 102.63, 150.29, 138, 104, 56, '7791000000024', '2025-09-24 22:02:37'),
	(1135, 'Okra', 'Okra fresca y de alta calidad', 151.29, 194.23, 176, 104, 56, '7791000000028', '2025-09-24 22:02:37'),
	(1136, 'Habas', 'Habas fresca y de alta calidad', 68.46, 82.76, 74, 104, 56, '7791000000029', '2025-09-24 22:02:37'),
	(1137, 'Brocoli', 'Brocoli fresca y de alta calidad', 102.97, 131.16, 143, 104, 56, '7791000000030', '2025-09-24 22:02:37'),
	(1138, 'Choclo', 'Choclo fresca y de alta calidad', 195.75, 276.24, 136, 104, 56, '7791000000031', '2025-09-24 22:02:37'),
	(1145, 'Soja Verde (Edamame)', 'Soja Verde (Edamame) fresca y de alta calidad', 112.42, 145.71, 103, 104, 56, '7791000000038', '2025-09-24 22:02:37'),
	(1148, 'Pepino', 'Pepino fresca y de alta calidad', 154.77, 231.11, 192, 104, 56, '7791000000041', '2025-09-24 22:02:37'),
	(1149, 'Nabo', 'Nabo fresca y de alta calidad', 92.81, 124.77, 190, 104, 56, '7791000000042', '2025-09-24 22:02:37'),
	(1150, 'Batata', 'Batata fresca y de alta calidad', 57.76, 84.17, 148, 104, 56, '7791000000043', '2025-09-24 22:02:37'),
	(1152, 'Alcaucil', 'Alcaucil fresca y de alta calidad', 168.20, 236.10, 120, 104, 56, '7791000000045', '2025-09-24 22:02:37'),
	(1159, 'Arvejas', 'Arvejas fresca y de alta calidad', 140.03, 188.80, 66, 104, 56, '7791000000052', '2025-09-24 22:02:37'),
	(1160, 'Coliflor', 'Coliflor fresca y de alta calidad', 103.96, 144.66, 118, 104, 56, '7791000000053', '2025-09-24 22:02:37'),
	(1161, 'Remolacha', 'Remolacha fresca y de alta calidad', 77.60, 107.01, 46, 104, 56, '7791000000054', '2025-09-24 22:02:37'),
	(1166, 'Poroto Verde', 'Poroto Verde fresca y de alta calidad', 196.57, 255.27, 54, 104, 56, '7791000000059', '2025-09-24 22:02:37'),
	(1168, 'Berro', 'Berro fresca y de alta calidad', 150.05, 219.44, 175, 104, 56, '7791000000061', '2025-09-24 22:02:37'),
	(1171, 'Zapallo', 'Zapallo fresca y de alta calidad', 195.74, 243.94, 31, 104, 56, '7791000000064', '2025-09-24 22:02:37'),
	(1180, 'Berenjena', 'Berenjena fresca y de alta calidad', 54.35, 79.89, 67, 104, 56, '7791000000073', '2025-09-24 22:02:37'),
	(1187, 'Espinaca', 'Espinaca fresca y de alta calidad', 51.88, 75.63, 190, 104, 56, '7791000000080', '2025-09-24 22:02:37'),
	(1191, 'Palta', 'Palta fresca y de alta calidad', 57.46, 72.81, 182, 104, 56, '7791000000084', '2025-09-24 22:02:37'),
	(1210, 'Lechuga', 'Lechuga fresca y de alta calidad', 195.50, 252.30, 37, 104, 56, '7791000000103', '2025-09-24 22:02:37'),
	(1211, 'Apio', 'Apio fresca y de alta calidad', 179.02, 256.08, 195, 104, 56, '7791000000104', '2025-09-24 22:02:37'),
	(1212, 'Ajo', 'Ajo fresca y de alta calidad', 154.03, 188.08, 124, 104, 56, '7791000000105', '2025-09-24 22:02:37'),
	(1216, 'Papa', 'Papa fresca y de alta calidad', 82.37, 115.26, 175, 104, 56, '7791000000109', '2025-09-24 22:02:37'),
	(1219, 'Jengibre', 'Jengibre fresca y de alta calidad', 106.48, 152.26, 189, 104, 56, '7791000000112', '2025-09-24 22:02:37'),
	(1227, 'Hongos Portobello', 'Hongos Portobello fresca y de alta calidad', 139.83, 188.89, 42, 104, 56, '7791000000120', '2025-09-24 22:02:37'),
	(1229, 'Lentejas Verdes', 'Lentejas Verdes fresca y de alta calidad', 62.33, 92.55, 89, 104, 56, '7791000000122', '2025-09-24 22:02:37'),
	(1278, 'Morron Verde', 'Morron Verde fresca y de alta calidad', 110.46, 136.57, 158, 104, 56, '7791000000171', '2025-09-24 22:02:37'),
	(1291, 'Acelga', 'Acelga fresca y de alta calidad', 189.13, 279.04, 53, 104, 56, '7791000000184', '2025-09-24 22:02:37'),
	(1302, 'Garbanzo Fresco', 'Garbanzo Fresco fresca y de alta calidad', 118.02, 148.99, 65, 104, 56, '7791000000195', '2025-09-24 22:02:37'),
	(1339, 'Yerba Mora', 'Yerba Mora fresca y de alta calidad', 166.68, 234.46, 169, 104, 56, '7791000000232', '2025-09-24 22:02:37'),
	(1407, 'Taladro percutor Einhell TE-ID 750', 'Taladro percutor 750W con velocidad variable', 28000.00, 34999.00, 120, 102, 36, 'EINH00001', '2025-09-24 22:04:03'),
	(1408, 'Amoladora angular Einhell TC-AG 125', 'Amoladora 125mm 850W con protección ajustable', 19000.00, 23999.00, 150, 102, 36, 'EINH00002', '2025-09-24 22:04:03'),
	(1409, 'Sierra circular Einhell TC-CS 1400', 'Sierra circular 1400W disco 190mm', 33000.00, 41999.00, 80, 102, 36, 'EINH00003', '2025-09-24 22:04:03'),
	(1410, 'Atornillador inalámbrico Einhell TC-CD 18/35', 'Taladro atornillador a batería 18V con 2 baterías', 35000.00, 44999.00, 110, 102, 36, 'EINH00004', '2025-09-24 22:04:03'),
	(1411, 'Compresor de aire Einhell TC-AC 200/24', 'Compresor 24L 1500W presión 8 bar', 70000.00, 87999.00, 60, 102, 36, 'EINH00005', '2025-09-24 22:04:03'),
	(1412, 'Lijadora orbital Einhell TC-OS 1520', 'Lijadora orbital 150W con bolsa colectora', 12000.00, 15999.00, 140, 102, 36, 'EINH00006', '2025-09-24 22:04:03'),
	(1413, 'Sierra caladora Einhell TC-JS 80', 'Caladora 600W con guía de corte ajustable', 17000.00, 22999.00, 90, 102, 36, 'EINH00007', '2025-09-24 22:04:03'),
	(1414, 'Soldadora inverter Einhell TC-EW 150', 'Equipo de soldar inverter 150A', 55000.00, 69999.00, 70, 102, 36, 'EINH00008', '2025-09-24 22:04:03'),
	(1415, 'Pulidora Einhell CC-PO 1100', 'Pulidora para autos 1100W con disco de lana', 22000.00, 28999.00, 100, 102, 36, 'EINH00009', '2025-09-24 22:04:03'),
	(1416, 'Multiherramienta Einhell TC-MG 220', 'Herramienta multifunción oscilante 220W', 18000.00, 23999.00, 150, 102, 36, 'EINH00010', '2025-09-24 22:04:03'),
	(1417, 'Sierra sable Einhell TC-AP 650', 'Sierra sable 650W con hoja intercambiable', 26000.00, 33999.00, 85, 102, 36, 'EINH00011', '2025-09-24 22:04:03'),
	(1418, 'Taladro de columna Einhell TC-BD 350', 'Taladro de banco 350W con 5 velocidades', 43000.00, 54999.00, 55, 102, 36, 'EINH00012', '2025-09-24 22:04:03'),
	(1419, 'Cortadora de césped Einhell GC-EM 1030', 'Cortadora eléctrica 1000W 30cm', 38000.00, 47999.00, 65, 102, 36, 'EINH00013', '2025-09-24 22:04:03'),
	(1420, 'Amoladora angular Einhell TE-AG 230', 'Amoladora 230mm 2350W', 45000.00, 58999.00, 75, 102, 36, 'EINH00014', '2025-09-24 22:04:03'),
	(1421, 'Compresor Einhell TE-AC 270/50', 'Compresor 50L 1800W con regulador de presión', 95000.00, 119999.00, 45, 102, 36, 'EINH00015', '2025-09-24 22:04:03'),
	(1422, 'Lijadora de banda Einhell TC-BS 8038', 'Lijadora de banda 800W con bolsa colectora', 21000.00, 27999.00, 130, 102, 36, 'EINH00016', '2025-09-24 22:04:03'),
	(1423, 'Sierra ingletadora Einhell TC-SM 2131', 'Sierra ingletadora telescópica 1800W disco 210mm', 87000.00, 109999.00, 40, 102, 36, 'EINH00017', '2025-09-24 22:04:03'),
	(1424, 'Martillo demoledor Einhell TC-DH 43', 'Martillo demoledor 1600W con cincel', 125000.00, 159999.00, 30, 102, 36, 'EINH00018', '2025-09-24 22:04:03'),
	(1425, 'Cepillo eléctrico Einhell TC-PL 750', 'Cepillo eléctrico 750W ancho 82mm', 15000.00, 19999.00, 100, 102, 36, 'EINH00019', '2025-09-24 22:04:03'),
	(1426, 'Pistola de calor Einhell TC-HA 2000', 'Pistola de aire caliente 2000W 2 niveles', 9000.00, 12999.00, 160, 102, 36, 'EINH00020', '2025-09-24 22:04:03'),
	(1427, 'Cortadora de azulejos Einhell TC-TC 800', 'Máquina de cortar cerámicos 800W', 27000.00, 34999.00, 85, 102, 36, 'EINH00021', '2025-09-24 22:04:03'),
	(1428, 'Atornillador de impacto Einhell TE-CI 18', 'Atornillador a batería impacto 18V', 42000.00, 53999.00, 95, 102, 36, 'EINH00022', '2025-09-24 22:04:03'),
	(1429, 'Sierra de cinta Einhell TC-SB 200', 'Sierra de banda para madera 250W', 69000.00, 88999.00, 50, 102, 36, 'EINH00023', '2025-09-24 22:04:03'),
	(1430, 'Cortadora de césped a batería Einhell GE-CM 18', 'Cortadora de césped 18V batería PowerX-Change', 96000.00, 121999.00, 35, 102, 36, 'EINH00024', '2025-09-24 22:04:03'),
	(1431, 'Taladro atornillador Einhell TE-CD 18/48', 'Taladro percutor a batería 18V con maletín', 38000.00, 48999.00, 90, 102, 36, 'EINH00025', '2025-09-24 22:04:03'),
	(1432, 'Compresor portátil Einhell TC-AC 190', 'Compresor portátil 1100W', 25000.00, 31999.00, 115, 102, 36, 'EINH00026', '2025-09-24 22:04:03'),
	(1433, 'Cortadora de césped Einhell GE-CM 33', 'Cortadora eléctrica 1200W 33cm', 41000.00, 52999.00, 70, 102, 36, 'EINH00027', '2025-09-24 22:04:03'),
	(1434, 'Soplador de hojas Einhell GC-EL 2500', 'Soplador/aspirador 2500W con bolsa', 19000.00, 24999.00, 100, 102, 36, 'EINH00028', '2025-09-24 22:04:03'),
	(1435, 'Clavadora eléctrica Einhell TC-EN 20', 'Clavadora engrampadora 200W', 15000.00, 19999.00, 140, 102, 36, 'EINH00029', '2025-09-24 22:04:03'),
	(1436, 'Pistola de pintar Einhell TC-SY 400', 'Sistema de pintura eléctrico 400W', 21000.00, 27999.00, 110, 102, 36, 'EINH00030', '2025-09-24 22:04:03'),
	(1437, 'Lijadora delta Einhell TC-DS 19', 'Lijadora triangular 190W', 9000.00, 11999.00, 160, 102, 36, 'EINH00031', '2025-09-24 22:04:03'),
	(1438, 'Cortadora de césped a gasolina Einhell GC-PM 46', 'Cortadora de césped motor 140cc', 175000.00, 219999.00, 25, 102, 36, 'EINH00032', '2025-09-24 22:04:03'),
	(1439, 'Generador eléctrico Einhell TC-PG 2500', 'Generador 2500W gasolina', 220000.00, 278999.00, 20, 102, 36, 'EINH00033', '2025-09-24 22:04:03'),
	(1440, 'Amoladora angular Einhell TC-AG 115', 'Amoladora 115mm 500W', 12000.00, 15999.00, 180, 102, 36, 'EINH00034', '2025-09-24 22:04:03'),
	(1441, 'Cepillo eléctrico Einhell TE-PL 900', 'Cepillo 900W ancho 82mm', 21000.00, 27999.00, 90, 102, 36, 'EINH00035', '2025-09-24 22:04:03'),
	(1442, 'Sierra de mesa Einhell TC-TS 2025', 'Sierra de mesa 2000W con disco 250mm', 115000.00, 147999.00, 35, 102, 36, 'EINH00036', '2025-09-24 22:04:03'),
	(1443, 'Pulidora orbital Einhell TE-RS 40', 'Pulidora excéntrica 400W', 17000.00, 22999.00, 120, 102, 36, 'EINH00037', '2025-09-24 22:04:03'),
	(1444, 'Multiherramienta inalámbrica Einhell TE-MG 12', 'Herramienta multifunción a batería 12V', 27000.00, 35999.00, 75, 102, 36, 'EINH00038', '2025-09-24 22:04:03'),
	(1445, 'Martillo perforador Einhell TC-RH 800', 'Rotomartillo SDS Plus 800W', 36000.00, 45999.00, 80, 102, 36, 'EINH00039', '2025-09-24 22:04:03'),
	(1446, 'Cortadora de césped Einhell GE-CM 43', 'Cortadora de césped eléctrica 1700W 43cm', 62000.00, 79999.00, 60, 102, 36, 'EINH00040', '2025-09-24 22:04:03'),
	(1447, 'Atornillador de impacto Einhell TE-CI 12', 'Atornillador de impacto a batería 12V', 30000.00, 38999.00, 95, 102, 36, 'EINH00041', '2025-09-24 22:04:03'),
	(1448, 'Lijadora excéntrica Einhell TE-RS 18', 'Lijadora orbital a batería 18V', 21000.00, 27999.00, 100, 102, 36, 'EINH00042', '2025-09-24 22:04:03'),
	(1449, 'Sierra circular Einhell TE-CS 190', 'Sierra circular 1500W disco 190mm', 35000.00, 45999.00, 90, 102, 36, 'EINH00043', '2025-09-24 22:04:03'),
	(1450, 'Pulidora angular Einhell TE-AG 125', 'Pulidora 125mm 1100W', 22000.00, 28999.00, 110, 102, 36, 'EINH00044', '2025-09-24 22:04:03'),
	(1451, 'Taladro Einhell TC-ID 1000', 'Taladro percutor 1000W con velocidad variable', 31000.00, 40999.00, 85, 102, 36, 'EINH00045', '2025-09-24 22:04:03'),
	(1452, 'Sierra sable Einhell TE-AP 18', 'Sierra sable inalámbrica 18V', 34000.00, 43999.00, 70, 102, 36, 'EINH00046', '2025-09-24 22:04:03'),
	(1453, 'Compresor Einhell TE-AC 24', 'Compresor portátil 24L 1500W', 72000.00, 91999.00, 55, 102, 36, 'EINH00047', '2025-09-24 22:04:03'),
	(1454, 'Generador inverter Einhell TC-IG 2000', 'Generador inverter 2000W', 180000.00, 229999.00, 30, 102, 36, 'EINH00048', '2025-09-24 22:04:03'),
	(1455, 'Martillo demoledor Einhell TE-DH 12', 'Martillo demoledor compacto 1050W', 89000.00, 114999.00, 25, 102, 36, 'EINH00049', '2025-09-24 22:04:03'),
	(1456, 'Taladro atornillador Einhell TC-CD 12', 'Taladro atornillador inalámbrico 12V', 19000.00, 24999.00, 130, 102, 36, 'EINH00050', '2025-09-24 22:04:03'),
	(1457, 'Taladro percutor Bosch GSB 13 RE', 'Taladro percutor 600W con velocidad variable', 35000.00, 45999.00, 120, 103, 36, 'BOSCH0001', '2025-09-24 22:04:13'),
	(1458, 'Amoladora angular Bosch GWS 7-115', 'Amoladora 720W disco 115mm', 28000.00, 36999.00, 150, 103, 36, 'BOSCH0002', '2025-09-24 22:04:13'),
	(1459, 'Sierra circular Bosch GKS 190', 'Sierra circular 1400W disco 190mm', 52000.00, 66999.00, 100, 103, 36, 'BOSCH0003', '2025-09-24 22:04:13'),
	(1460, 'Taladro atornillador Bosch GSR 180-LI', 'Taladro inalámbrico 18V con 2 baterías', 78000.00, 99999.00, 90, 103, 36, 'BOSCH0004', '2025-09-24 22:04:13'),
	(1461, 'Martillo perforador Bosch GBH 2-26', 'Rotomartillo SDS Plus 800W', 85000.00, 109999.00, 80, 103, 36, 'BOSCH0005', '2025-09-24 22:04:13'),
	(1462, 'Amoladora Bosch GWS 22-180', 'Amoladora 2200W disco 180mm', 62000.00, 79999.00, 70, 103, 36, 'BOSCH0006', '2025-09-24 22:04:13'),
	(1463, 'Lijadora orbital Bosch GSS 23 AE', 'Lijadora orbital 190W con velocidad regulable', 26000.00, 33999.00, 140, 103, 36, 'BOSCH0007', '2025-09-24 22:04:13'),
	(1464, 'Sierra caladora Bosch GST 8000 E', 'Caladora 710W con control de velocidad', 39000.00, 50999.00, 110, 103, 36, 'BOSCH0008', '2025-09-24 22:04:13'),
	(1465, 'Medidor láser Bosch GLM 50', 'Medidor de distancias hasta 50m', 45000.00, 58999.00, 95, 103, 36, 'BOSCH0009', '2025-09-24 22:04:13'),
	(1466, 'Nivel láser Bosch GLL 3-80', 'Nivel láser de 360° líneas verdes', 125000.00, 159999.00, 60, 103, 36, 'BOSCH0010', '2025-09-24 22:04:13'),
	(1467, 'Pulidora Bosch GPO 14 CE', 'Pulidora angular 1400W con control de velocidad', 53000.00, 68999.00, 75, 103, 36, 'BOSCH0011', '2025-09-24 22:04:13'),
	(1468, 'Taladro de columna Bosch PBD 40', 'Taladro de banco con pantalla digital', 135000.00, 172999.00, 40, 103, 36, 'BOSCH0012', '2025-09-24 22:04:13'),
	(1469, 'Sierra sable Bosch GSA 1100 E', 'Sierra sable 1100W con luz LED', 60000.00, 77999.00, 85, 103, 36, 'BOSCH0013', '2025-09-24 22:04:13'),
	(1470, 'Martillo demoledor Bosch GSH 11 E', 'Martillo demoledor 1500W 16J', 210000.00, 269999.00, 30, 103, 36, 'BOSCH0014', '2025-09-24 22:04:13'),
	(1471, 'Lijadora excéntrica Bosch GEX 125-1', 'Lijadora orbital 250W 125mm', 33000.00, 42999.00, 100, 103, 36, 'BOSCH0015', '2025-09-24 22:04:13'),
	(1472, 'Atornillador de impacto Bosch GDX 180-LI', 'Atornillador a batería 18V impacto', 72000.00, 93999.00, 85, 103, 36, 'BOSCH0016', '2025-09-24 22:04:13'),
	(1473, 'Sierra ingletadora Bosch GCM 10 MX', 'Ingletadora 1800W disco 255mm', 145000.00, 189999.00, 35, 103, 36, 'BOSCH0017', '2025-09-24 22:04:13'),
	(1474, 'Fresadora Bosch POF 1400 ACE', 'Router eléctrico 1400W con control de profundidad', 78000.00, 99999.00, 60, 103, 36, 'BOSCH0018', '2025-09-24 22:04:13'),
	(1475, 'Pistola de calor Bosch GHG 23-66', 'Pistola de aire caliente 2300W con display', 26000.00, 33999.00, 120, 103, 36, 'BOSCH0019', '2025-09-24 22:04:13'),
	(1476, 'Compresor Bosch EasyPump', 'Compresor portátil digital para autos y bicicletas', 21000.00, 28999.00, 150, 103, 36, 'BOSCH0020', '2025-09-24 22:04:13'),
	(1477, 'Sierra de mesa Bosch GTS 254', 'Sierra de banco 1800W disco 254mm', 160000.00, 209999.00, 40, 103, 36, 'BOSCH0021', '2025-09-24 22:04:13'),
	(1478, 'Multiherramienta Bosch PMF 220', 'Herramienta multifunción oscilante 220W', 24000.00, 31999.00, 140, 103, 36, 'BOSCH0022', '2025-09-24 22:04:13'),
	(1479, 'Atornillador Bosch IXO 6', 'Atornillador recargable compacto 3.6V', 17000.00, 22999.00, 160, 103, 36, 'BOSCH0023', '2025-09-24 22:04:13'),
	(1480, 'Cortadora de azulejos Bosch PTC 640', 'Cortadora manual para cerámicos hasta 640mm', 67000.00, 86999.00, 55, 103, 36, 'BOSCH0024', '2025-09-24 22:04:13'),
	(1481, 'Detector Bosch D-tect 120', 'Detector de materiales hasta 12cm', 82000.00, 104999.00, 50, 103, 36, 'BOSCH0025', '2025-09-24 22:04:13'),
	(1482, 'Soplador Bosch ALB 18 LI', 'Soplador inalámbrico 18V batería incluida', 35000.00, 45999.00, 90, 103, 36, 'BOSCH0026', '2025-09-24 22:04:13'),
	(1483, 'Generador Bosch G 2000', 'Generador portátil gasolina 2000W', 220000.00, 284999.00, 20, 103, 36, 'BOSCH0027', '2025-09-24 22:04:13'),
	(1484, 'Amoladora Bosch GWS 9-125', 'Amoladora 900W disco 125mm', 31000.00, 40999.00, 140, 103, 36, 'BOSCH0028', '2025-09-24 22:04:13'),
	(1485, 'Lijadora Bosch GSS 140', 'Lijadora orbital 180W compacta', 25000.00, 32999.00, 120, 103, 36, 'BOSCH0029', '2025-09-24 22:04:13'),
	(1486, 'Martillo perforador Bosch GBH 5-40', 'Rotomartillo SDS-Max 1100W', 175000.00, 229999.00, 25, 103, 36, 'BOSCH0030', '2025-09-24 22:04:13'),
	(1487, 'Sierra circular Bosch PKS 55 A', 'Sierra circular 1200W con caja recolectora', 42000.00, 54999.00, 95, 103, 36, 'BOSCH0031', '2025-09-24 22:04:13'),
	(1488, 'Taladro Bosch GSB 16 RE', 'Taladro percutor 750W compacto', 40000.00, 51999.00, 110, 103, 36, 'BOSCH0032', '2025-09-24 22:04:13'),
	(1489, 'Nivel Bosch PLL 360', 'Nivel láser de 360° auto nivelante', 56000.00, 72999.00, 65, 103, 36, 'BOSCH0033', '2025-09-24 22:04:13'),
	(1490, 'Pulidora Bosch GPO 950', 'Pulidora de 950W con mango ergonómico', 37000.00, 48999.00, 100, 103, 36, 'BOSCH0034', '2025-09-24 22:04:13'),
	(1491, 'Martillo demoledor Bosch GSH 27 VC', 'Demoledor profesional 2000W 62J', 490000.00, 629999.00, 15, 103, 36, 'BOSCH0035', '2025-09-24 22:04:13'),
	(1492, 'Sierra ingletadora Bosch GCM 12 GDL', 'Ingletadora telescópica 2000W disco 305mm', 240000.00, 309999.00, 25, 103, 36, 'BOSCH0036', '2025-09-24 22:04:13'),
	(1493, 'Cepillo eléctrico Bosch GHO 26-82', 'Cepillo eléctrico 710W ancho 82mm', 38000.00, 49999.00, 90, 103, 36, 'BOSCH0037', '2025-09-24 22:04:13'),
	(1494, 'Medidor láser Bosch GLM 100', 'Medidor de distancia láser hasta 100m', 95000.00, 121999.00, 40, 103, 36, 'BOSCH0038', '2025-09-24 22:04:13'),
	(1495, 'Sierra caladora Bosch PST 900 PEL', 'Caladora 620W con luz LED', 42000.00, 54999.00, 85, 103, 36, 'BOSCH0039', '2025-09-24 22:04:13'),
	(1496, 'Pistola de pintar Bosch PFS 2000', 'Sistema de pulverización 440W', 35000.00, 45999.00, 100, 103, 36, 'BOSCH0040', '2025-09-24 22:04:13'),
	(1497, 'Lijadora delta Bosch PDA 180', 'Lijadora triangular 180W', 22000.00, 28999.00, 130, 103, 36, 'BOSCH0041', '2025-09-24 22:04:13'),
	(1498, 'Sierra sable Bosch GSA 18V-LI', 'Sierra sable inalámbrica 18V', 72000.00, 93999.00, 70, 103, 36, 'BOSCH0042', '2025-09-24 22:04:13'),
	(1499, 'Multiherramienta Bosch GOP 30-28', 'Multicortadora 300W oscilante', 50000.00, 64999.00, 80, 103, 36, 'BOSCH0043', '2025-09-24 22:04:13'),
	(1500, 'Taladro Bosch GBM 6 RE', 'Taladro eléctrico 350W compacto', 21000.00, 27999.00, 150, 103, 36, 'BOSCH0044', '2025-09-24 22:04:13'),
	(1501, 'Martillo perforador Bosch GBH 18V-26', 'Rotomartillo inalámbrico 18V', 115000.00, 149999.00, 40, 103, 36, 'BOSCH0045', '2025-09-24 22:04:13'),
	(1502, 'Sierra de cinta Bosch GCB 18V', 'Sierra de banda inalámbrica 18V', 130000.00, 169999.00, 35, 103, 36, 'BOSCH0046', '2025-09-24 22:04:13'),
	(1503, 'Amoladora Bosch GWS 24-230', 'Amoladora 2400W disco 230mm', 89000.00, 114999.00, 60, 103, 36, 'BOSCH0047', '2025-09-24 22:04:13'),
	(1504, 'Pulidora Bosch GPO 12 CE', 'Pulidora profesional 1200W', 48000.00, 61999.00, 100, 103, 36, 'BOSCH0048', '2025-09-24 22:04:13'),
	(1505, 'Generador Bosch G 3000', 'Generador a gasolina 3000W', 285000.00, 364999.00, 20, 103, 36, 'BOSCH0049', '2025-09-24 22:04:13'),
	(1506, 'Taladro inalámbrico Bosch GSR 12V-15', 'Taladro atornillador compacto 12V', 48000.00, 61999.00, 110, 103, 36, 'BOSCH0050', '2025-09-24 22:04:13');

/*!40103 SET TIME_ZONE=IFNULL(@OLD_TIME_ZONE, 'system') */;
/*!40101 SET SQL_MODE=IFNULL(@OLD_SQL_MODE, '') */;
/*!40014 SET FOREIGN_KEY_CHECKS=IFNULL(@OLD_FOREIGN_KEY_CHECKS, 1) */;
/*!40101 SET CHARACTER_SET_CLIENT=@OLD_CHARACTER_SET_CLIENT */;
/*!40111 SET SQL_NOTES=IFNULL(@OLD_SQL_NOTES, 1) */;
